Goal,Target,Indicator,SeriesCode,SeriesDescription,GeoAreaCode,GeoAreaName,Activity,Location,Reporting Type,Units,2015,,,,,,,,,,,,,,,,,,,,,,,,,,,,,,,,,,,,,,,,
6,6.3,6.3.1,EN_WWT_GEN,Total wastewater generated (million m3/year),8,Albania,INDUSTRIES,ALLAREA,G,M_M3_PER_YR,NaN,,,,,,,,,,,,,,,,,,,,,,,,,,,,,,,,,,,,,,,,
6,6.3,6.3.1,EN_WWT_GEN,Total wastewater generated (million m3/year),8,Albania,ISIC4_A,ALLAREA,G,M_M3_PER_YR,NaN,,,,,,,,,,,,,,,,,,,,,,,,,,,,,,,,,,,,,,,,
6,6.3,6.3.1,EN_WWT_GEN,Total wastewater generated (million m3/year),8,Albania,ISIC4_B,ALLAREA,G,M_M3_PER_YR,NaN,,,,,,,,,,,,,,,,,,,,,,,,,,,,,,,,,,,,,,,,
6,6.3,6.3.1,EN_WWT_GEN,Total wastewater generated (million m3/year),8,Albania,ISIC4_C,ALLAREA,G,M_M3_PER_YR,NaN,,,,,,,,,,,,,,,,,,,,,,,,,,,,,,,,,,,,,,,,
6,6.3,6.3.1,EN_WWT_GEN,Total wastewater generated (million m3/year),8,Albania,ISIC4_D,ALLAREA,G,M_M3_PER_YR,NaN,,,,,,,,,,,,,,,,,,,,,,,,,,,,,,,,,,,,,,,,
6,6.3,6.3.1,EN_WWT_GEN,Total wastewater generated (million m3/year),8,Albania,ISIC4_F,ALLAREA,G,M_M3_PER_YR,NaN,,,,,,,,,,,,,,,,,,,,,,,,,,,,,,,,,,,,,,,,
6,6.3,6.3.1,EN_WWT_GEN,Total wastewater generated (million m3/year),8,Albania,PRIV_HH,ALLAREA,G,M_M3_PER_YR,43.2,,,,,,,,,,,,,,,,,,,,,,,,,,,,,,,,,,,,,,,,
6,6.3,6.3.1,EN_WWT_GEN,Total wastewater generated (million m3/year),8,Albania,SERV_HH,ALLAREA,G,M_M3_PER_YR,53.9,,,,,,,,,,,,,,,,,,,,,,,,,,,,,,,,,,,,,,,,
6,6.3,6.3.1,EN_WWT_GEN,Total wastewater generated (million m3/year),8,Albania,SERVICES,ALLAREA,G,M_M3_PER_YR,10.7,,,,,,,,,,,,,,,,,,,,,,,,,,,,,,,,,,,,,,,,
6,6.3,6.3.1,EN_WWT_GEN,Total wastewater generated (million m3/year),8,Albania,TOTAL,ALLAREA,G,M_M3_PER_YR,53.9,,,,,,,,,,,,,,,,,,,,,,,,,,,,,,,,,,,,,,,,
6,6.3,6.3.1,EN_WWT_GEN,Total wastewater generated (million m3/year),8,Albania,TOTAL,URBAN,G,M_M3_PER_YR,NaN,,,,,,,,,,,,,,,,,,,,,,,,,,,,,,,,,,,,,,,,
6,6.3,6.3.1,EN_WWT_GEN,Total wastewater generated (million m3/year),20,Andorra,INDUSTRIES,ALLAREA,G,M_M3_PER_YR,NaN,,,,,,,,,,,,,,,,,,,,,,,,,,,,,,,,,,,,,,,,
6,6.3,6.3.1,EN_WWT_GEN,Total wastewater generated (million m3/year),20,Andorra,ISIC4_A,ALLAREA,G,M_M3_PER_YR,NaN,,,,,,,,,,,,,,,,,,,,,,,,,,,,,,,,,,,,,,,,
6,6.3,6.3.1,EN_WWT_GEN,Total wastewater generated (million m3/year),20,Andorra,ISIC4_B,ALLAREA,G,M_M3_PER_YR,NaN,,,,,,,,,,,,,,,,,,,,,,,,,,,,,,,,,,,,,,,,
6,6.3,6.3.1,EN_WWT_GEN,Total wastewater generated (million m3/year),20,Andorra,ISIC4_C,ALLAREA,G,M_M3_PER_YR,NaN,,,,,,,,,,,,,,,,,,,,,,,,,,,,,,,,,,,,,,,,
6,6.3,6.3.1,EN_WWT_GEN,Total wastewater generated (million m3/year),20,Andorra,ISIC4_D,ALLAREA,G,M_M3_PER_YR,NaN,,,,,,,,,,,,,,,,,,,,,,,,,,,,,,,,,,,,,,,,
6,6.3,6.3.1,EN_WWT_GEN,Total wastewater generated (million m3/year),20,Andorra,ISIC4_F,ALLAREA,G,M_M3_PER_YR,NaN,,,,,,,,,,,,,,,,,,,,,,,,,,,,,,,,,,,,,,,,
6,6.3,6.3.1,EN_WWT_GEN,Total wastewater generated (million m3/year),20,Andorra,PRIV_HH,ALLAREA,G,M_M3_PER_YR,NaN,,,,,,,,,,,,,,,,,,,,,,,,,,,,,,,,,,,,,,,,
6,6.3,6.3.1,EN_WWT_GEN,Total wastewater generated (million m3/year),20,Andorra,SERV_HH,ALLAREA,G,M_M3_PER_YR,NaN,,,,,,,,,,,,,,,,,,,,,,,,,,,,,,,,,,,,,,,,
6,6.3,6.3.1,EN_WWT_GEN,Total wastewater generated (million m3/year),20,Andorra,SERVICES,ALLAREA,G,M_M3_PER_YR,NaN,,,,,,,,,,,,,,,,,,,,,,,,,,,,,,,,,,,,,,,,
6,6.3,6.3.1,EN_WWT_GEN,Total wastewater generated (million m3/year),20,Andorra,TOTAL,ALLAREA,G,M_M3_PER_YR,20.0093,,,,,,,,,,,,,,,,,,,,,,,,,,,,,,,,,,,,,,,,
6,6.3,6.3.1,EN_WWT_GEN,Total wastewater generated (million m3/year),20,Andorra,TOTAL,URBAN,G,M_M3_PER_YR,NaN,,,,,,,,,,,,,,,,,,,,,,,,,,,,,,,,,,,,,,,,
6,6.3,6.3.1,EN_WWT_GEN,Total wastewater generated (million m3/year),51,Armenia,INDUSTRIES,ALLAREA,G,M_M3_PER_YR,NaN,,,,,,,,,,,,,,,,,,,,,,,,,,,,,,,,,,,,,,,,
6,6.3,6.3.1,EN_WWT_GEN,Total wastewater generated (million m3/year),51,Armenia,ISIC4_A,ALLAREA,G,M_M3_PER_YR,NaN,,,,,,,,,,,,,,,,,,,,,,,,,,,,,,,,,,,,,,,,
6,6.3,6.3.1,EN_WWT_GEN,Total wastewater generated (million m3/year),51,Armenia,ISIC4_B,ALLAREA,G,M_M3_PER_YR,NaN,,,,,,,,,,,,,,,,,,,,,,,,,,,,,,,,,,,,,,,,
6,6.3,6.3.1,EN_WWT_GEN,Total wastewater generated (million m3/year),51,Armenia,ISIC4_C,ALLAREA,G,M_M3_PER_YR,NaN,,,,,,,,,,,,,,,,,,,,,,,,,,,,,,,,,,,,,,,,
6,6.3,6.3.1,EN_WWT_GEN,Total wastewater generated (million m3/year),51,Armenia,ISIC4_D,ALLAREA,G,M_M3_PER_YR,NaN,,,,,,,,,,,,,,,,,,,,,,,,,,,,,,,,,,,,,,,,
6,6.3,6.3.1,EN_WWT_GEN,Total wastewater generated (million m3/year),51,Armenia,ISIC4_F,ALLAREA,G,M_M3_PER_YR,NaN,,,,,,,,,,,,,,,,,,,,,,,,,,,,,,,,,,,,,,,,
6,6.3,6.3.1,EN_WWT_GEN,Total wastewater generated (million m3/year),51,Armenia,PRIV_HH,ALLAREA,G,M_M3_PER_YR,NaN,,,,,,,,,,,,,,,,,,,,,,,,,,,,,,,,,,,,,,,,
6,6.3,6.3.1,EN_WWT_GEN,Total wastewater generated (million m3/year),51,Armenia,SERV_HH,ALLAREA,G,M_M3_PER_YR,NaN,,,,,,,,,,,,,,,,,,,,,,,,,,,,,,,,,,,,,,,,
6,6.3,6.3.1,EN_WWT_GEN,Total wastewater generated (million m3/year),51,Armenia,SERVICES,ALLAREA,G,M_M3_PER_YR,NaN,,,,,,,,,,,,,,,,,,,,,,,,,,,,,,,,,,,,,,,,
6,6.3,6.3.1,EN_WWT_GEN,Total wastewater generated (million m3/year),51,Armenia,TOTAL,ALLAREA,G,M_M3_PER_YR,810.665,,,,,,,,,,,,,,,,,,,,,,,,,,,,,,,,,,,,,,,,
6,6.3,6.3.1,EN_WWT_GEN,Total wastewater generated (million m3/year),51,Armenia,TOTAL,URBAN,G,M_M3_PER_YR,NaN,,,,,,,,,,,,,,,,,,,,,,,,,,,,,,,,,,,,,,,,
6,6.3,6.3.1,EN_WWT_GEN,Total wastewater generated (million m3/year),31,Azerbaijan,INDUSTRIES,ALLAREA,G,M_M3_PER_YR,NaN,,,,,,,,,,,,,,,,,,,,,,,,,,,,,,,,,,,,,,,,
6,6.3,6.3.1,EN_WWT_GEN,Total wastewater generated (million m3/year),31,Azerbaijan,ISIC4_A,ALLAREA,G,M_M3_PER_YR,NaN,,,,,,,,,,,,,,,,,,,,,,,,,,,,,,,,,,,,,,,,
6,6.3,6.3.1,EN_WWT_GEN,Total wastewater generated (million m3/year),31,Azerbaijan,ISIC4_B,ALLAREA,G,M_M3_PER_YR,NaN,,,,,,,,,,,,,,,,,,,,,,,,,,,,,,,,,,,,,,,,
6,6.3,6.3.1,EN_WWT_GEN,Total wastewater generated (million m3/year),31,Azerbaijan,ISIC4_C,ALLAREA,G,M_M3_PER_YR,NaN,,,,,,,,,,,,,,,,,,,,,,,,,,,,,,,,,,,,,,,,
6,6.3,6.3.1,EN_WWT_GEN,Total wastewater generated (million m3/year),31,Azerbaijan,ISIC4_D,ALLAREA,G,M_M3_PER_YR,NaN,,,,,,,,,,,,,,,,,,,,,,,,,,,,,,,,,,,,,,,,
6,6.3,6.3.1,EN_WWT_GEN,Total wastewater generated (million m3/year),31,Azerbaijan,ISIC4_F,ALLAREA,G,M_M3_PER_YR,NaN,,,,,,,,,,,,,,,,,,,,,,,,,,,,,,,,,,,,,,,,
6,6.3,6.3.1,EN_WWT_GEN,Total wastewater generated (million m3/year),31,Azerbaijan,PRIV_HH,ALLAREA,G,M_M3_PER_YR,NaN,,,,,,,,,,,,,,,,,,,,,,,,,,,,,,,,,,,,,,,,
6,6.3,6.3.1,EN_WWT_GEN,Total wastewater generated (million m3/year),31,Azerbaijan,SERV_HH,ALLAREA,G,M_M3_PER_YR,NaN,,,,,,,,,,,,,,,,,,,,,,,,,,,,,,,,,,,,,,,,
6,6.3,6.3.1,EN_WWT_GEN,Total wastewater generated (million m3/year),31,Azerbaijan,SERVICES,ALLAREA,G,M_M3_PER_YR,NaN,,,,,,,,,,,,,,,,,,,,,,,,,,,,,,,,,,,,,,,,
6,6.3,6.3.1,EN_WWT_GEN,Total wastewater generated (million m3/year),31,Azerbaijan,TOTAL,ALLAREA,G,M_M3_PER_YR,438.07298,,,,,,,,,,,,,,,,,,,,,,,,,,,,,,,,,,,,,,,,
6,6.3,6.3.1,EN_WWT_GEN,Total wastewater generated (million m3/year),31,Azerbaijan,TOTAL,URBAN,G,M_M3_PER_YR,NaN,,,,,,,,,,,,,,,,,,,,,,,,,,,,,,,,,,,,,,,,
6,6.3,6.3.1,EN_WWT_GEN,Total wastewater generated (million m3/year),48,Bahrain,INDUSTRIES,ALLAREA,G,M_M3_PER_YR,9.5265,,,,,,,,,,,,,,,,,,,,,,,,,,,,,,,,,,,,,,,,
6,6.3,6.3.1,EN_WWT_GEN,Total wastewater generated (million m3/year),48,Bahrain,ISIC4_A,ALLAREA,G,M_M3_PER_YR,0,,,,,,,,,,,,,,,,,,,,,,,,,,,,,,,,,,,,,,,,
6,6.3,6.3.1,EN_WWT_GEN,Total wastewater generated (million m3/year),48,Bahrain,ISIC4_B,ALLAREA,G,M_M3_PER_YR,NaN,,,,,,,,,,,,,,,,,,,,,,,,,,,,,,,,,,,,,,,,
6,6.3,6.3.1,EN_WWT_GEN,Total wastewater generated (million m3/year),48,Bahrain,ISIC4_C,ALLAREA,G,M_M3_PER_YR,9.5265,,,,,,,,,,,,,,,,,,,,,,,,,,,,,,,,,,,,,,,,
6,6.3,6.3.1,EN_WWT_GEN,Total wastewater generated (million m3/year),48,Bahrain,ISIC4_D,ALLAREA,G,M_M3_PER_YR,NaN,,,,,,,,,,,,,,,,,,,,,,,,,,,,,,,,,,,,,,,,
6,6.3,6.3.1,EN_WWT_GEN,Total wastewater generated (million m3/year),48,Bahrain,ISIC4_F,ALLAREA,G,M_M3_PER_YR,NaN,,,,,,,,,,,,,,,,,,,,,,,,,,,,,,,,,,,,,,,,
6,6.3,6.3.1,EN_WWT_GEN,Total wastewater generated (million m3/year),48,Bahrain,PRIV_HH,ALLAREA,G,M_M3_PER_YR,145.781,,,,,,,,,,,,,,,,,,,,,,,,,,,,,,,,,,,,,,,,
6,6.3,6.3.1,EN_WWT_GEN,Total wastewater generated (million m3/year),48,Bahrain,SERV_HH,ALLAREA,G,M_M3_PER_YR,NaN,,,,,,,,,,,,,,,,,,,,,,,,,,,,,,,,,,,,,,,,
6,6.3,6.3.1,EN_WWT_GEN,Total wastewater generated (million m3/year),48,Bahrain,SERVICES,ALLAREA,G,M_M3_PER_YR,NaN,,,,,,,,,,,,,,,,,,,,,,,,,,,,,,,,,,,,,,,,
6,6.3,6.3.1,EN_WWT_GEN,Total wastewater generated (million m3/year),48,Bahrain,TOTAL,ALLAREA,G,M_M3_PER_YR,155.3075,,,,,,,,,,,,,,,,,,,,,,,,,,,,,,,,,,,,,,,,
6,6.3,6.3.1,EN_WWT_GEN,Total wastewater generated (million m3/year),48,Bahrain,TOTAL,URBAN,G,M_M3_PER_YR,NaN,,,,,,,,,,,,,,,,,,,,,,,,,,,,,,,,,,,,,,,,
6,6.3,6.3.1,EN_WWT_GEN,Total wastewater generated (million m3/year),50,Bangladesh,INDUSTRIES,ALLAREA,G,M_M3_PER_YR,NaN,,,,,,,,,,,,,,,,,,,,,,,,,,,,,,,,,,,,,,,,
6,6.3,6.3.1,EN_WWT_GEN,Total wastewater generated (million m3/year),50,Bangladesh,ISIC4_A,ALLAREA,G,M_M3_PER_YR,NaN,,,,,,,,,,,,,,,,,,,,,,,,,,,,,,,,,,,,,,,,
6,6.3,6.3.1,EN_WWT_GEN,Total wastewater generated (million m3/year),50,Bangladesh,ISIC4_B,ALLAREA,G,M_M3_PER_YR,NaN,,,,,,,,,,,,,,,,,,,,,,,,,,,,,,,,,,,,,,,,
6,6.3,6.3.1,EN_WWT_GEN,Total wastewater generated (million m3/year),50,Bangladesh,ISIC4_C,ALLAREA,G,M_M3_PER_YR,NaN,,,,,,,,,,,,,,,,,,,,,,,,,,,,,,,,,,,,,,,,
6,6.3,6.3.1,EN_WWT_GEN,Total wastewater generated (million m3/year),50,Bangladesh,ISIC4_D,ALLAREA,G,M_M3_PER_YR,NaN,,,,,,,,,,,,,,,,,,,,,,,,,,,,,,,,,,,,,,,,
6,6.3,6.3.1,EN_WWT_GEN,Total wastewater generated (million m3/year),50,Bangladesh,ISIC4_F,ALLAREA,G,M_M3_PER_YR,NaN,,,,,,,,,,,,,,,,,,,,,,,,,,,,,,,,,,,,,,,,
6,6.3,6.3.1,EN_WWT_GEN,Total wastewater generated (million m3/year),50,Bangladesh,PRIV_HH,ALLAREA,G,M_M3_PER_YR,456.25,,,,,,,,,,,,,,,,,,,,,,,,,,,,,,,,,,,,,,,,
6,6.3,6.3.1,EN_WWT_GEN,Total wastewater generated (million m3/year),50,Bangladesh,SERV_HH,ALLAREA,G,M_M3_PER_YR,NaN,,,,,,,,,,,,,,,,,,,,,,,,,,,,,,,,,,,,,,,,
6,6.3,6.3.1,EN_WWT_GEN,Total wastewater generated (million m3/year),50,Bangladesh,SERVICES,ALLAREA,G,M_M3_PER_YR,NaN,,,,,,,,,,,,,,,,,,,,,,,,,,,,,,,,,,,,,,,,
6,6.3,6.3.1,EN_WWT_GEN,Total wastewater generated (million m3/year),50,Bangladesh,TOTAL,ALLAREA,G,M_M3_PER_YR,456.25,,,,,,,,,,,,,,,,,,,,,,,,,,,,,,,,,,,,,,,,
6,6.3,6.3.1,EN_WWT_GEN,Total wastewater generated (million m3/year),50,Bangladesh,TOTAL,URBAN,G,M_M3_PER_YR,NaN,,,,,,,,,,,,,,,,,,,,,,,,,,,,,,,,,,,,,,,,
6,6.3,6.3.1,EN_WWT_GEN,Total wastewater generated (million m3/year),112,Belarus,INDUSTRIES,ALLAREA,G,M_M3_PER_YR,166.21,,,,,,,,,,,,,,,,,,,,,,,,,,,,,,,,,,,,,,,,
6,6.3,6.3.1,EN_WWT_GEN,Total wastewater generated (million m3/year),112,Belarus,ISIC4_A,ALLAREA,G,M_M3_PER_YR,213.74,,,,,,,,,,,,,,,,,,,,,,,,,,,,,,,,,,,,,,,,
6,6.3,6.3.1,EN_WWT_GEN,Total wastewater generated (million m3/year),112,Belarus,ISIC4_B,ALLAREA,G,M_M3_PER_YR,31.18,,,,,,,,,,,,,,,,,,,,,,,,,,,,,,,,,,,,,,,,
6,6.3,6.3.1,EN_WWT_GEN,Total wastewater generated (million m3/year),112,Belarus,ISIC4_C,ALLAREA,G,M_M3_PER_YR,97.71,,,,,,,,,,,,,,,,,,,,,,,,,,,,,,,,,,,,,,,,
6,6.3,6.3.1,EN_WWT_GEN,Total wastewater generated (million m3/year),112,Belarus,ISIC4_D,ALLAREA,G,M_M3_PER_YR,36.62,,,,,,,,,,,,,,,,,,,,,,,,,,,,,,,,,,,,,,,,
6,6.3,6.3.1,EN_WWT_GEN,Total wastewater generated (million m3/year),112,Belarus,ISIC4_F,ALLAREA,G,M_M3_PER_YR,0.7,,,,,,,,,,,,,,,,,,,,,,,,,,,,,,,,,,,,,,,,
6,6.3,6.3.1,EN_WWT_GEN,Total wastewater generated (million m3/year),112,Belarus,PRIV_HH,ALLAREA,G,M_M3_PER_YR,NaN,,,,,,,,,,,,,,,,,,,,,,,,,,,,,,,,,,,,,,,,
6,6.3,6.3.1,EN_WWT_GEN,Total wastewater generated (million m3/year),112,Belarus,SERV_HH,ALLAREA,G,M_M3_PER_YR,NaN,,,,,,,,,,,,,,,,,,,,,,,,,,,,,,,,,,,,,,,,
6,6.3,6.3.1,EN_WWT_GEN,Total wastewater generated (million m3/year),112,Belarus,SERVICES,ALLAREA,G,M_M3_PER_YR,568.05001,,,,,,,,,,,,,,,,,,,,,,,,,,,,,,,,,,,,,,,,
6,6.3,6.3.1,EN_WWT_GEN,Total wastewater generated (million m3/year),112,Belarus,TOTAL,ALLAREA,G,M_M3_PER_YR,947.99999,,,,,,,,,,,,,,,,,,,,,,,,,,,,,,,,,,,,,,,,
6,6.3,6.3.1,EN_WWT_GEN,Total wastewater generated (million m3/year),112,Belarus,TOTAL,URBAN,G,M_M3_PER_YR,NaN,,,,,,,,,,,,,,,,,,,,,,,,,,,,,,,,,,,,,,,,
6,6.3,6.3.1,EN_WWT_GEN,Total wastewater generated (million m3/year),56,Belgium,INDUSTRIES,ALLAREA,G,M_M3_PER_YR,352.31,,,,,,,,,,,,,,,,,,,,,,,,,,,,,,,,,,,,,,,,
6,6.3,6.3.1,EN_WWT_GEN,Total wastewater generated (million m3/year),56,Belgium,ISIC4_A,ALLAREA,G,M_M3_PER_YR,NaN,,,,,,,,,,,,,,,,,,,,,,,,,,,,,,,,,,,,,,,,
6,6.3,6.3.1,EN_WWT_GEN,Total wastewater generated (million m3/year),56,Belgium,ISIC4_B,ALLAREA,G,M_M3_PER_YR,55.81,,,,,,,,,,,,,,,,,,,,,,,,,,,,,,,,,,,,,,,,
6,6.3,6.3.1,EN_WWT_GEN,Total wastewater generated (million m3/year),56,Belgium,ISIC4_C,ALLAREA,G,M_M3_PER_YR,281.73,,,,,,,,,,,,,,,,,,,,,,,,,,,,,,,,,,,,,,,,
6,6.3,6.3.1,EN_WWT_GEN,Total wastewater generated (million m3/year),56,Belgium,ISIC4_D,ALLAREA,G,M_M3_PER_YR,14.77,,,,,,,,,,,,,,,,,,,,,,,,,,,,,,,,,,,,,,,,
6,6.3,6.3.1,EN_WWT_GEN,Total wastewater generated (million m3/year),56,Belgium,ISIC4_F,ALLAREA,G,M_M3_PER_YR,NaN,,,,,,,,,,,,,,,,,,,,,,,,,,,,,,,,,,,,,,,,
6,6.3,6.3.1,EN_WWT_GEN,Total wastewater generated (million m3/year),56,Belgium,PRIV_HH,ALLAREA,G,M_M3_PER_YR,NaN,,,,,,,,,,,,,,,,,,,,,,,,,,,,,,,,,,,,,,,,
6,6.3,6.3.1,EN_WWT_GEN,Total wastewater generated (million m3/year),56,Belgium,SERV_HH,ALLAREA,G,M_M3_PER_YR,NaN,,,,,,,,,,,,,,,,,,,,,,,,,,,,,,,,,,,,,,,,
6,6.3,6.3.1,EN_WWT_GEN,Total wastewater generated (million m3/year),56,Belgium,SERVICES,ALLAREA,G,M_M3_PER_YR,NaN,,,,,,,,,,,,,,,,,,,,,,,,,,,,,,,,,,,,,,,,
6,6.3,6.3.1,EN_WWT_GEN,Total wastewater generated (million m3/year),56,Belgium,TOTAL,ALLAREA,G,M_M3_PER_YR,352.31,,,,,,,,,,,,,,,,,,,,,,,,,,,,,,,,,,,,,,,,
6,6.3,6.3.1,EN_WWT_GEN,Total wastewater generated (million m3/year),56,Belgium,TOTAL,URBAN,G,M_M3_PER_YR,NaN,,,,,,,,,,,,,,,,,,,,,,,,,,,,,,,,,,,,,,,,
6,6.3,6.3.1,EN_WWT_GEN,Total wastewater generated (million m3/year),60,Bermuda,INDUSTRIES,ALLAREA,G,M_M3_PER_YR,NaN,,,,,,,,,,,,,,,,,,,,,,,,,,,,,,,,,,,,,,,,
6,6.3,6.3.1,EN_WWT_GEN,Total wastewater generated (million m3/year),60,Bermuda,ISIC4_A,ALLAREA,G,M_M3_PER_YR,NaN,,,,,,,,,,,,,,,,,,,,,,,,,,,,,,,,,,,,,,,,
6,6.3,6.3.1,EN_WWT_GEN,Total wastewater generated (million m3/year),60,Bermuda,ISIC4_B,ALLAREA,G,M_M3_PER_YR,NaN,,,,,,,,,,,,,,,,,,,,,,,,,,,,,,,,,,,,,,,,
6,6.3,6.3.1,EN_WWT_GEN,Total wastewater generated (million m3/year),60,Bermuda,ISIC4_C,ALLAREA,G,M_M3_PER_YR,NaN,,,,,,,,,,,,,,,,,,,,,,,,,,,,,,,,,,,,,,,,
6,6.3,6.3.1,EN_WWT_GEN,Total wastewater generated (million m3/year),60,Bermuda,ISIC4_D,ALLAREA,G,M_M3_PER_YR,NaN,,,,,,,,,,,,,,,,,,,,,,,,,,,,,,,,,,,,,,,,
6,6.3,6.3.1,EN_WWT_GEN,Total wastewater generated (million m3/year),60,Bermuda,ISIC4_F,ALLAREA,G,M_M3_PER_YR,NaN,,,,,,,,,,,,,,,,,,,,,,,,,,,,,,,,,,,,,,,,
6,6.3,6.3.1,EN_WWT_GEN,Total wastewater generated (million m3/year),60,Bermuda,PRIV_HH,ALLAREA,G,M_M3_PER_YR,NaN,,,,,,,,,,,,,,,,,,,,,,,,,,,,,,,,,,,,,,,,
6,6.3,6.3.1,EN_WWT_GEN,Total wastewater generated (million m3/year),60,Bermuda,SERV_HH,ALLAREA,G,M_M3_PER_YR,NaN,,,,,,,,,,,,,,,,,,,,,,,,,,,,,,,,,,,,,,,,
6,6.3,6.3.1,EN_WWT_GEN,Total wastewater generated (million m3/year),60,Bermuda,SERVICES,ALLAREA,G,M_M3_PER_YR,NaN,,,,,,,,,,,,,,,,,,,,,,,,,,,,,,,,,,,,,,,,
6,6.3,6.3.1,EN_WWT_GEN,Total wastewater generated (million m3/year),60,Bermuda,TOTAL,ALLAREA,G,M_M3_PER_YR,2.96015,,,,,,,,,,,,,,,,,,,,,,,,,,,,,,,,,,,,,,,,
6,6.3,6.3.1,EN_WWT_GEN,Total wastewater generated (million m3/year),60,Bermuda,TOTAL,URBAN,G,M_M3_PER_YR,NaN,,,,,,,,,,,,,,,,,,,,,,,,,,,,,,,,,,,,,,,,
6,6.3,6.3.1,EN_WWT_GEN,Total wastewater generated (million m3/year),70,Bosnia and Herzegovina,INDUSTRIES,ALLAREA,G,M_M3_PER_YR,8.6,,,,,,,,,,,,,,,,,,,,,,,,,,,,,,,,,,,,,,,,
6,6.3,6.3.1,EN_WWT_GEN,Total wastewater generated (million m3/year),70,Bosnia and Herzegovina,ISIC4_A,ALLAREA,G,M_M3_PER_YR,0.5,,,,,,,,,,,,,,,,,,,,,,,,,,,,,,,,,,,,,,,,
6,6.3,6.3.1,EN_WWT_GEN,Total wastewater generated (million m3/year),70,Bosnia and Herzegovina,ISIC4_B,ALLAREA,G,M_M3_PER_YR,NaN,,,,,,,,,,,,,,,,,,,,,,,,,,,,,,,,,,,,,,,,
6,6.3,6.3.1,EN_WWT_GEN,Total wastewater generated (million m3/year),70,Bosnia and Herzegovina,ISIC4_C,ALLAREA,G,M_M3_PER_YR,8.6,,,,,,,,,,,,,,,,,,,,,,,,,,,,,,,,,,,,,,,,
6,6.3,6.3.1,EN_WWT_GEN,Total wastewater generated (million m3/year),70,Bosnia and Herzegovina,ISIC4_D,ALLAREA,G,M_M3_PER_YR,NaN,,,,,,,,,,,,,,,,,,,,,,,,,,,,,,,,,,,,,,,,
6,6.3,6.3.1,EN_WWT_GEN,Total wastewater generated (million m3/year),70,Bosnia and Herzegovina,ISIC4_F,ALLAREA,G,M_M3_PER_YR,NaN,,,,,,,,,,,,,,,,,,,,,,,,,,,,,,,,,,,,,,,,
6,6.3,6.3.1,EN_WWT_GEN,Total wastewater generated (million m3/year),70,Bosnia and Herzegovina,PRIV_HH,ALLAREA,G,M_M3_PER_YR,70,,,,,,,,,,,,,,,,,,,,,,,,,,,,,,,,,,,,,,,,
6,6.3,6.3.1,EN_WWT_GEN,Total wastewater generated (million m3/year),70,Bosnia and Herzegovina,SERV_HH,ALLAREA,G,M_M3_PER_YR,84,,,,,,,,,,,,,,,,,,,,,,,,,,,,,,,,,,,,,,,,
6,6.3,6.3.1,EN_WWT_GEN,Total wastewater generated (million m3/year),70,Bosnia and Herzegovina,SERVICES,ALLAREA,G,M_M3_PER_YR,13.8,,,,,,,,,,,,,,,,,,,,,,,,,,,,,,,,,,,,,,,,
6,6.3,6.3.1,EN_WWT_GEN,Total wastewater generated (million m3/year),70,Bosnia and Herzegovina,TOTAL,ALLAREA,G,M_M3_PER_YR,92.9,,,,,,,,,,,,,,,,,,,,,,,,,,,,,,,,,,,,,,,,
6,6.3,6.3.1,EN_WWT_GEN,Total wastewater generated (million m3/year),70,Bosnia and Herzegovina,TOTAL,URBAN,G,M_M3_PER_YR,NaN,,,,,,,,,,,,,,,,,,,,,,,,,,,,,,,,,,,,,,,,
6,6.3,6.3.1,EN_WWT_GEN,Total wastewater generated (million m3/year),76,Brazil,INDUSTRIES,ALLAREA,G,M_M3_PER_YR,15668.79102,,,,,,,,,,,,,,,,,,,,,,,,,,,,,,,,,,,,,,,,
6,6.3,6.3.1,EN_WWT_GEN,Total wastewater generated (million m3/year),76,Brazil,ISIC4_A,ALLAREA,G,M_M3_PER_YR,9938.45169,,,,,,,,,,,,,,,,,,,,,,,,,,,,,,,,,,,,,,,,
6,6.3,6.3.1,EN_WWT_GEN,Total wastewater generated (million m3/year),76,Brazil,ISIC4_B,ALLAREA,G,M_M3_PER_YR,756.52568,,,,,,,,,,,,,,,,,,,,,,,,,,,,,,,,,,,,,,,,
6,6.3,6.3.1,EN_WWT_GEN,Total wastewater generated (million m3/year),76,Brazil,ISIC4_C,ALLAREA,G,M_M3_PER_YR,7987.31496,,,,,,,,,,,,,,,,,,,,,,,,,,,,,,,,,,,,,,,,
6,6.3,6.3.1,EN_WWT_GEN,Total wastewater generated (million m3/year),76,Brazil,ISIC4_D,ALLAREA,G,M_M3_PER_YR,6924.95038,,,,,,,,,,,,,,,,,,,,,,,,,,,,,,,,,,,,,,,,
6,6.3,6.3.1,EN_WWT_GEN,Total wastewater generated (million m3/year),76,Brazil,ISIC4_F,ALLAREA,G,M_M3_PER_YR,NaN,,,,,,,,,,,,,,,,,,,,,,,,,,,,,,,,,,,,,,,,
6,6.3,6.3.1,EN_WWT_GEN,Total wastewater generated (million m3/year),76,Brazil,PRIV_HH,ALLAREA,G,M_M3_PER_YR,12537.96814,,,,,,,,,,,,,,,,,,,,,,,,,,,,,,,,,,,,,,,,
6,6.3,6.3.1,EN_WWT_GEN,Total wastewater generated (million m3/year),76,Brazil,SERV_HH,ALLAREA,G,M_M3_PER_YR,NaN,,,,,,,,,,,,,,,,,,,,,,,,,,,,,,,,,,,,,,,,
6,6.3,6.3.1,EN_WWT_GEN,Total wastewater generated (million m3/year),76,Brazil,SERVICES,ALLAREA,G,M_M3_PER_YR,NaN,,,,,,,,,,,,,,,,,,,,,,,,,,,,,,,,,,,,,,,,
6,6.3,6.3.1,EN_WWT_GEN,Total wastewater generated (million m3/year),76,Brazil,TOTAL,ALLAREA,G,M_M3_PER_YR,40684.8134,,,,,,,,,,,,,,,,,,,,,,,,,,,,,,,,,,,,,,,,
6,6.3,6.3.1,EN_WWT_GEN,Total wastewater generated (million m3/year),76,Brazil,TOTAL,URBAN,G,M_M3_PER_YR,NaN,,,,,,,,,,,,,,,,,,,,,,,,,,,,,,,,,,,,,,,,
6,6.3,6.3.1,EN_WWT_GEN,Total wastewater generated (million m3/year),100,Bulgaria,INDUSTRIES,ALLAREA,G,M_M3_PER_YR,111.355,,,,,,,,,,,,,,,,,,,,,,,,,,,,,,,,,,,,,,,,
6,6.3,6.3.1,EN_WWT_GEN,Total wastewater generated (million m3/year),100,Bulgaria,ISIC4_A,ALLAREA,G,M_M3_PER_YR,36.624,,,,,,,,,,,,,,,,,,,,,,,,,,,,,,,,,,,,,,,,
6,6.3,6.3.1,EN_WWT_GEN,Total wastewater generated (million m3/year),100,Bulgaria,ISIC4_B,ALLAREA,G,M_M3_PER_YR,14.107,,,,,,,,,,,,,,,,,,,,,,,,,,,,,,,,,,,,,,,,
6,6.3,6.3.1,EN_WWT_GEN,Total wastewater generated (million m3/year),100,Bulgaria,ISIC4_C,ALLAREA,G,M_M3_PER_YR,80.209,,,,,,,,,,,,,,,,,,,,,,,,,,,,,,,,,,,,,,,,
6,6.3,6.3.1,EN_WWT_GEN,Total wastewater generated (million m3/year),100,Bulgaria,ISIC4_D,ALLAREA,G,M_M3_PER_YR,7.791,,,,,,,,,,,,,,,,,,,,,,,,,,,,,,,,,,,,,,,,
6,6.3,6.3.1,EN_WWT_GEN,Total wastewater generated (million m3/year),100,Bulgaria,ISIC4_F,ALLAREA,G,M_M3_PER_YR,3.956,,,,,,,,,,,,,,,,,,,,,,,,,,,,,,,,,,,,,,,,
6,6.3,6.3.1,EN_WWT_GEN,Total wastewater generated (million m3/year),100,Bulgaria,PRIV_HH,ALLAREA,G,M_M3_PER_YR,234.036,,,,,,,,,,,,,,,,,,,,,,,,,,,,,,,,,,,,,,,,
6,6.3,6.3.1,EN_WWT_GEN,Total wastewater generated (million m3/year),100,Bulgaria,SERV_HH,ALLAREA,G,M_M3_PER_YR,278.094,,,,,,,,,,,,,,,,,,,,,,,,,,,,,,,,,,,,,,,,
6,6.3,6.3.1,EN_WWT_GEN,Total wastewater generated (million m3/year),100,Bulgaria,SERVICES,ALLAREA,G,M_M3_PER_YR,44.059,,,,,,,,,,,,,,,,,,,,,,,,,,,,,,,,,,,,,,,,
6,6.3,6.3.1,EN_WWT_GEN,Total wastewater generated (million m3/year),100,Bulgaria,TOTAL,ALLAREA,G,M_M3_PER_YR,426.074,,,,,,,,,,,,,,,,,,,,,,,,,,,,,,,,,,,,,,,,
6,6.3,6.3.1,EN_WWT_GEN,Total wastewater generated (million m3/year),100,Bulgaria,TOTAL,URBAN,G,M_M3_PER_YR,NaN,,,,,,,,,,,,,,,,,,,,,,,,,,,,,,,,,,,,,,,,
6,6.3,6.3.1,EN_WWT_GEN,Total wastewater generated (million m3/year),344,"China, Hong Kong Special Administrative Region",INDUSTRIES,ALLAREA,G,M_M3_PER_YR,82.62988,,,,,,,,,,,,,,,,,,,,,,,,,,,,,,,,,,,,,,,,
6,6.3,6.3.1,EN_WWT_GEN,Total wastewater generated (million m3/year),344,"China, Hong Kong Special Administrative Region",ISIC4_A,ALLAREA,G,M_M3_PER_YR,0.0365,,,,,,,,,,,,,,,,,,,,,,,,,,,,,,,,,,,,,,,,
6,6.3,6.3.1,EN_WWT_GEN,Total wastewater generated (million m3/year),344,"China, Hong Kong Special Administrative Region",ISIC4_B,ALLAREA,G,M_M3_PER_YR,NaN,,,,,,,,,,,,,,,,,,,,,,,,,,,,,,,,,,,,,,,,
6,6.3,6.3.1,EN_WWT_GEN,Total wastewater generated (million m3/year),344,"China, Hong Kong Special Administrative Region",ISIC4_C,ALLAREA,G,M_M3_PER_YR,82.62988,,,,,,,,,,,,,,,,,,,,,,,,,,,,,,,,,,,,,,,,
6,6.3,6.3.1,EN_WWT_GEN,Total wastewater generated (million m3/year),344,"China, Hong Kong Special Administrative Region",ISIC4_D,ALLAREA,G,M_M3_PER_YR,NaN,,,,,,,,,,,,,,,,,,,,,,,,,,,,,,,,,,,,,,,,
6,6.3,6.3.1,EN_WWT_GEN,Total wastewater generated (million m3/year),344,"China, Hong Kong Special Administrative Region",ISIC4_F,ALLAREA,G,M_M3_PER_YR,NaN,,,,,,,,,,,,,,,,,,,,,,,,,,,,,,,,,,,,,,,,
6,6.3,6.3.1,EN_WWT_GEN,Total wastewater generated (million m3/year),344,"China, Hong Kong Special Administrative Region",PRIV_HH,ALLAREA,G,M_M3_PER_YR,NaN,,,,,,,,,,,,,,,,,,,,,,,,,,,,,,,,,,,,,,,,
6,6.3,6.3.1,EN_WWT_GEN,Total wastewater generated (million m3/year),344,"China, Hong Kong Special Administrative Region",SERV_HH,ALLAREA,G,M_M3_PER_YR,NaN,,,,,,,,,,,,,,,,,,,,,,,,,,,,,,,,,,,,,,,,
6,6.3,6.3.1,EN_WWT_GEN,Total wastewater generated (million m3/year),344,"China, Hong Kong Special Administrative Region",SERVICES,ALLAREA,G,M_M3_PER_YR,NaN,,,,,,,,,,,,,,,,,,,,,,,,,,,,,,,,,,,,,,,,
6,6.3,6.3.1,EN_WWT_GEN,Total wastewater generated (million m3/year),344,"China, Hong Kong Special Administrative Region",TOTAL,ALLAREA,G,M_M3_PER_YR,82.66638,,,,,,,,,,,,,,,,,,,,,,,,,,,,,,,,,,,,,,,,
6,6.3,6.3.1,EN_WWT_GEN,Total wastewater generated (million m3/year),344,"China, Hong Kong Special Administrative Region",TOTAL,URBAN,G,M_M3_PER_YR,NaN,,,,,,,,,,,,,,,,,,,,,,,,,,,,,,,,,,,,,,,,
6,6.3,6.3.1,EN_WWT_GEN,Total wastewater generated (million m3/year),170,Colombia,INDUSTRIES,ALLAREA,G,M_M3_PER_YR,103.73226,,,,,,,,,,,,,,,,,,,,,,,,,,,,,,,,,,,,,,,,
6,6.3,6.3.1,EN_WWT_GEN,Total wastewater generated (million m3/year),170,Colombia,ISIC4_A,ALLAREA,G,M_M3_PER_YR,88.841,,,,,,,,,,,,,,,,,,,,,,,,,,,,,,,,,,,,,,,,
6,6.3,6.3.1,EN_WWT_GEN,Total wastewater generated (million m3/year),170,Colombia,ISIC4_B,ALLAREA,G,M_M3_PER_YR,NaN,,,,,,,,,,,,,,,,,,,,,,,,,,,,,,,,,,,,,,,,
6,6.3,6.3.1,EN_WWT_GEN,Total wastewater generated (million m3/year),170,Colombia,ISIC4_C,ALLAREA,G,M_M3_PER_YR,103.73226,,,,,,,,,,,,,,,,,,,,,,,,,,,,,,,,,,,,,,,,
6,6.3,6.3.1,EN_WWT_GEN,Total wastewater generated (million m3/year),170,Colombia,ISIC4_D,ALLAREA,G,M_M3_PER_YR,NaN,,,,,,,,,,,,,,,,,,,,,,,,,,,,,,,,,,,,,,,,
6,6.3,6.3.1,EN_WWT_GEN,Total wastewater generated (million m3/year),170,Colombia,ISIC4_F,ALLAREA,G,M_M3_PER_YR,NaN,,,,,,,,,,,,,,,,,,,,,,,,,,,,,,,,,,,,,,,,
6,6.3,6.3.1,EN_WWT_GEN,Total wastewater generated (million m3/year),170,Colombia,PRIV_HH,ALLAREA,G,M_M3_PER_YR,869.24099,,,,,,,,,,,,,,,,,,,,,,,,,,,,,,,,,,,,,,,,
6,6.3,6.3.1,EN_WWT_GEN,Total wastewater generated (million m3/year),170,Colombia,SERV_HH,ALLAREA,G,M_M3_PER_YR,NaN,,,,,,,,,,,,,,,,,,,,,,,,,,,,,,,,,,,,,,,,
6,6.3,6.3.1,EN_WWT_GEN,Total wastewater generated (million m3/year),170,Colombia,SERVICES,ALLAREA,G,M_M3_PER_YR,NaN,,,,,,,,,,,,,,,,,,,,,,,,,,,,,,,,,,,,,,,,
6,6.3,6.3.1,EN_WWT_GEN,Total wastewater generated (million m3/year),170,Colombia,TOTAL,ALLAREA,G,M_M3_PER_YR,1057.2119,,,,,,,,,,,,,,,,,,,,,,,,,,,,,,,,,,,,,,,,
6,6.3,6.3.1,EN_WWT_GEN,Total wastewater generated (million m3/year),170,Colombia,TOTAL,URBAN,G,M_M3_PER_YR,NaN,,,,,,,,,,,,,,,,,,,,,,,,,,,,,,,,,,,,,,,,
6,6.3,6.3.1,EN_WWT_GEN,Total wastewater generated (million m3/year),188,Costa Rica,INDUSTRIES,ALLAREA,G,M_M3_PER_YR,110.96,,,,,,,,,,,,,,,,,,,,,,,,,,,,,,,,,,,,,,,,
6,6.3,6.3.1,EN_WWT_GEN,Total wastewater generated (million m3/year),188,Costa Rica,ISIC4_A,ALLAREA,G,M_M3_PER_YR,NaN,,,,,,,,,,,,,,,,,,,,,,,,,,,,,,,,,,,,,,,,
6,6.3,6.3.1,EN_WWT_GEN,Total wastewater generated (million m3/year),188,Costa Rica,ISIC4_B,ALLAREA,G,M_M3_PER_YR,NaN,,,,,,,,,,,,,,,,,,,,,,,,,,,,,,,,,,,,,,,,
6,6.3,6.3.1,EN_WWT_GEN,Total wastewater generated (million m3/year),188,Costa Rica,ISIC4_C,ALLAREA,G,M_M3_PER_YR,110.96,,,,,,,,,,,,,,,,,,,,,,,,,,,,,,,,,,,,,,,,
6,6.3,6.3.1,EN_WWT_GEN,Total wastewater generated (million m3/year),188,Costa Rica,ISIC4_D,ALLAREA,G,M_M3_PER_YR,NaN,,,,,,,,,,,,,,,,,,,,,,,,,,,,,,,,,,,,,,,,
6,6.3,6.3.1,EN_WWT_GEN,Total wastewater generated (million m3/year),188,Costa Rica,ISIC4_F,ALLAREA,G,M_M3_PER_YR,NaN,,,,,,,,,,,,,,,,,,,,,,,,,,,,,,,,,,,,,,,,
6,6.3,6.3.1,EN_WWT_GEN,Total wastewater generated (million m3/year),188,Costa Rica,PRIV_HH,ALLAREA,G,M_M3_PER_YR,162.24753,,,,,,,,,,,,,,,,,,,,,,,,,,,,,,,,,,,,,,,,
6,6.3,6.3.1,EN_WWT_GEN,Total wastewater generated (million m3/year),188,Costa Rica,SERV_HH,ALLAREA,G,M_M3_PER_YR,NaN,,,,,,,,,,,,,,,,,,,,,,,,,,,,,,,,,,,,,,,,
6,6.3,6.3.1,EN_WWT_GEN,Total wastewater generated (million m3/year),188,Costa Rica,SERVICES,ALLAREA,G,M_M3_PER_YR,NaN,,,,,,,,,,,,,,,,,,,,,,,,,,,,,,,,,,,,,,,,
6,6.3,6.3.1,EN_WWT_GEN,Total wastewater generated (million m3/year),188,Costa Rica,TOTAL,ALLAREA,G,M_M3_PER_YR,424.95811,,,,,,,,,,,,,,,,,,,,,,,,,,,,,,,,,,,,,,,,
6,6.3,6.3.1,EN_WWT_GEN,Total wastewater generated (million m3/year),188,Costa Rica,TOTAL,URBAN,G,M_M3_PER_YR,NaN,,,,,,,,,,,,,,,,,,,,,,,,,,,,,,,,,,,,,,,,
6,6.3,6.3.1,EN_WWT_GEN,Total wastewater generated (million m3/year),191,Croatia,INDUSTRIES,ALLAREA,G,M_M3_PER_YR,68.12,,,,,,,,,,,,,,,,,,,,,,,,,,,,,,,,,,,,,,,,
6,6.3,6.3.1,EN_WWT_GEN,Total wastewater generated (million m3/year),191,Croatia,ISIC4_A,ALLAREA,G,M_M3_PER_YR,1,,,,,,,,,,,,,,,,,,,,,,,,,,,,,,,,,,,,,,,,
6,6.3,6.3.1,EN_WWT_GEN,Total wastewater generated (million m3/year),191,Croatia,ISIC4_B,ALLAREA,G,M_M3_PER_YR,2.31,,,,,,,,,,,,,,,,,,,,,,,,,,,,,,,,,,,,,,,,
6,6.3,6.3.1,EN_WWT_GEN,Total wastewater generated (million m3/year),191,Croatia,ISIC4_C,ALLAREA,G,M_M3_PER_YR,64.47,,,,,,,,,,,,,,,,,,,,,,,,,,,,,,,,,,,,,,,,
6,6.3,6.3.1,EN_WWT_GEN,Total wastewater generated (million m3/year),191,Croatia,ISIC4_D,ALLAREA,G,M_M3_PER_YR,1.34,,,,,,,,,,,,,,,,,,,,,,,,,,,,,,,,,,,,,,,,
6,6.3,6.3.1,EN_WWT_GEN,Total wastewater generated (million m3/year),191,Croatia,ISIC4_F,ALLAREA,G,M_M3_PER_YR,NaN,,,,,,,,,,,,,,,,,,,,,,,,,,,,,,,,,,,,,,,,
6,6.3,6.3.1,EN_WWT_GEN,Total wastewater generated (million m3/year),191,Croatia,PRIV_HH,ALLAREA,G,M_M3_PER_YR,175.57,,,,,,,,,,,,,,,,,,,,,,,,,,,,,,,,,,,,,,,,
6,6.3,6.3.1,EN_WWT_GEN,Total wastewater generated (million m3/year),191,Croatia,SERV_HH,ALLAREA,G,M_M3_PER_YR,210.57,,,,,,,,,,,,,,,,,,,,,,,,,,,,,,,,,,,,,,,,
6,6.3,6.3.1,EN_WWT_GEN,Total wastewater generated (million m3/year),191,Croatia,SERVICES,ALLAREA,G,M_M3_PER_YR,35,,,,,,,,,,,,,,,,,,,,,,,,,,,,,,,,,,,,,,,,
6,6.3,6.3.1,EN_WWT_GEN,Total wastewater generated (million m3/year),191,Croatia,TOTAL,ALLAREA,G,M_M3_PER_YR,279.69,,,,,,,,,,,,,,,,,,,,,,,,,,,,,,,,,,,,,,,,
6,6.3,6.3.1,EN_WWT_GEN,Total wastewater generated (million m3/year),191,Croatia,TOTAL,URBAN,G,M_M3_PER_YR,NaN,,,,,,,,,,,,,,,,,,,,,,,,,,,,,,,,,,,,,,,,
6,6.3,6.3.1,EN_WWT_GEN,Total wastewater generated (million m3/year),203,Czechia,INDUSTRIES,ALLAREA,G,M_M3_PER_YR,453.9,,,,,,,,,,,,,,,,,,,,,,,,,,,,,,,,,,,,,,,,
6,6.3,6.3.1,EN_WWT_GEN,Total wastewater generated (million m3/year),203,Czechia,ISIC4_A,ALLAREA,G,M_M3_PER_YR,3.4,,,,,,,,,,,,,,,,,,,,,,,,,,,,,,,,,,,,,,,,
6,6.3,6.3.1,EN_WWT_GEN,Total wastewater generated (million m3/year),203,Czechia,ISIC4_B,ALLAREA,G,M_M3_PER_YR,NaN,,,,,,,,,,,,,,,,,,,,,,,,,,,,,,,,,,,,,,,,
6,6.3,6.3.1,EN_WWT_GEN,Total wastewater generated (million m3/year),203,Czechia,ISIC4_C,ALLAREA,G,M_M3_PER_YR,NaN,,,,,,,,,,,,,,,,,,,,,,,,,,,,,,,,,,,,,,,,
6,6.3,6.3.1,EN_WWT_GEN,Total wastewater generated (million m3/year),203,Czechia,ISIC4_D,ALLAREA,G,M_M3_PER_YR,NaN,,,,,,,,,,,,,,,,,,,,,,,,,,,,,,,,,,,,,,,,
6,6.3,6.3.1,EN_WWT_GEN,Total wastewater generated (million m3/year),203,Czechia,ISIC4_F,ALLAREA,G,M_M3_PER_YR,NaN,,,,,,,,,,,,,,,,,,,,,,,,,,,,,,,,,,,,,,,,
6,6.3,6.3.1,EN_WWT_GEN,Total wastewater generated (million m3/year),203,Czechia,PRIV_HH,ALLAREA,G,M_M3_PER_YR,326.5,,,,,,,,,,,,,,,,,,,,,,,,,,,,,,,,,,,,,,,,
6,6.3,6.3.1,EN_WWT_GEN,Total wastewater generated (million m3/year),203,Czechia,SERV_HH,ALLAREA,G,M_M3_PER_YR,661.7,,,,,,,,,,,,,,,,,,,,,,,,,,,,,,,,,,,,,,,,
6,6.3,6.3.1,EN_WWT_GEN,Total wastewater generated (million m3/year),203,Czechia,SERVICES,ALLAREA,G,M_M3_PER_YR,335.3,,,,,,,,,,,,,,,,,,,,,,,,,,,,,,,,,,,,,,,,
6,6.3,6.3.1,EN_WWT_GEN,Total wastewater generated (million m3/year),203,Czechia,TOTAL,ALLAREA,G,M_M3_PER_YR,1119.1,,,,,,,,,,,,,,,,,,,,,,,,,,,,,,,,,,,,,,,,
6,6.3,6.3.1,EN_WWT_GEN,Total wastewater generated (million m3/year),203,Czechia,TOTAL,URBAN,G,M_M3_PER_YR,NaN,,,,,,,,,,,,,,,,,,,,,,,,,,,,,,,,,,,,,,,,
6,6.3,6.3.1,EN_WWT_GEN,Total wastewater generated (million m3/year),208,Denmark,INDUSTRIES,ALLAREA,G,M_M3_PER_YR,75.268,,,,,,,,,,,,,,,,,,,,,,,,,,,,,,,,,,,,,,,,
6,6.3,6.3.1,EN_WWT_GEN,Total wastewater generated (million m3/year),208,Denmark,ISIC4_A,ALLAREA,G,M_M3_PER_YR,14.416,,,,,,,,,,,,,,,,,,,,,,,,,,,,,,,,,,,,,,,,
6,6.3,6.3.1,EN_WWT_GEN,Total wastewater generated (million m3/year),208,Denmark,ISIC4_B,ALLAREA,G,M_M3_PER_YR,7.994,,,,,,,,,,,,,,,,,,,,,,,,,,,,,,,,,,,,,,,,
6,6.3,6.3.1,EN_WWT_GEN,Total wastewater generated (million m3/year),208,Denmark,ISIC4_C,ALLAREA,G,M_M3_PER_YR,51.397,,,,,,,,,,,,,,,,,,,,,,,,,,,,,,,,,,,,,,,,
6,6.3,6.3.1,EN_WWT_GEN,Total wastewater generated (million m3/year),208,Denmark,ISIC4_D,ALLAREA,G,M_M3_PER_YR,2.42,,,,,,,,,,,,,,,,,,,,,,,,,,,,,,,,,,,,,,,,
6,6.3,6.3.1,EN_WWT_GEN,Total wastewater generated (million m3/year),208,Denmark,ISIC4_F,ALLAREA,G,M_M3_PER_YR,0.771,,,,,,,,,,,,,,,,,,,,,,,,,,,,,,,,,,,,,,,,
6,6.3,6.3.1,EN_WWT_GEN,Total wastewater generated (million m3/year),208,Denmark,PRIV_HH,ALLAREA,G,M_M3_PER_YR,208.424,,,,,,,,,,,,,,,,,,,,,,,,,,,,,,,,,,,,,,,,
6,6.3,6.3.1,EN_WWT_GEN,Total wastewater generated (million m3/year),208,Denmark,SERV_HH,ALLAREA,G,M_M3_PER_YR,253.447,,,,,,,,,,,,,,,,,,,,,,,,,,,,,,,,,,,,,,,,
6,6.3,6.3.1,EN_WWT_GEN,Total wastewater generated (million m3/year),208,Denmark,SERVICES,ALLAREA,G,M_M3_PER_YR,45.023,,,,,,,,,,,,,,,,,,,,,,,,,,,,,,,,,,,,,,,,
6,6.3,6.3.1,EN_WWT_GEN,Total wastewater generated (million m3/year),208,Denmark,TOTAL,ALLAREA,G,M_M3_PER_YR,343.131,,,,,,,,,,,,,,,,,,,,,,,,,,,,,,,,,,,,,,,,
6,6.3,6.3.1,EN_WWT_GEN,Total wastewater generated (million m3/year),208,Denmark,TOTAL,URBAN,G,M_M3_PER_YR,NaN,,,,,,,,,,,,,,,,,,,,,,,,,,,,,,,,,,,,,,,,
6,6.3,6.3.1,EN_WWT_GEN,Total wastewater generated (million m3/year),218,Ecuador,INDUSTRIES,ALLAREA,G,M_M3_PER_YR,NaN,,,,,,,,,,,,,,,,,,,,,,,,,,,,,,,,,,,,,,,,
6,6.3,6.3.1,EN_WWT_GEN,Total wastewater generated (million m3/year),218,Ecuador,ISIC4_A,ALLAREA,G,M_M3_PER_YR,NaN,,,,,,,,,,,,,,,,,,,,,,,,,,,,,,,,,,,,,,,,
6,6.3,6.3.1,EN_WWT_GEN,Total wastewater generated (million m3/year),218,Ecuador,ISIC4_B,ALLAREA,G,M_M3_PER_YR,NaN,,,,,,,,,,,,,,,,,,,,,,,,,,,,,,,,,,,,,,,,
6,6.3,6.3.1,EN_WWT_GEN,Total wastewater generated (million m3/year),218,Ecuador,ISIC4_C,ALLAREA,G,M_M3_PER_YR,NaN,,,,,,,,,,,,,,,,,,,,,,,,,,,,,,,,,,,,,,,,
6,6.3,6.3.1,EN_WWT_GEN,Total wastewater generated (million m3/year),218,Ecuador,ISIC4_D,ALLAREA,G,M_M3_PER_YR,NaN,,,,,,,,,,,,,,,,,,,,,,,,,,,,,,,,,,,,,,,,
6,6.3,6.3.1,EN_WWT_GEN,Total wastewater generated (million m3/year),218,Ecuador,ISIC4_F,ALLAREA,G,M_M3_PER_YR,NaN,,,,,,,,,,,,,,,,,,,,,,,,,,,,,,,,,,,,,,,,
6,6.3,6.3.1,EN_WWT_GEN,Total wastewater generated (million m3/year),218,Ecuador,PRIV_HH,ALLAREA,G,M_M3_PER_YR,NaN,,,,,,,,,,,,,,,,,,,,,,,,,,,,,,,,,,,,,,,,
6,6.3,6.3.1,EN_WWT_GEN,Total wastewater generated (million m3/year),218,Ecuador,SERV_HH,ALLAREA,G,M_M3_PER_YR,NaN,,,,,,,,,,,,,,,,,,,,,,,,,,,,,,,,,,,,,,,,
6,6.3,6.3.1,EN_WWT_GEN,Total wastewater generated (million m3/year),218,Ecuador,SERVICES,ALLAREA,G,M_M3_PER_YR,NaN,,,,,,,,,,,,,,,,,,,,,,,,,,,,,,,,,,,,,,,,
6,6.3,6.3.1,EN_WWT_GEN,Total wastewater generated (million m3/year),218,Ecuador,TOTAL,ALLAREA,G,M_M3_PER_YR,83.78747,,,,,,,,,,,,,,,,,,,,,,,,,,,,,,,,,,,,,,,,
6,6.3,6.3.1,EN_WWT_GEN,Total wastewater generated (million m3/year),218,Ecuador,TOTAL,URBAN,G,M_M3_PER_YR,NaN,,,,,,,,,,,,,,,,,,,,,,,,,,,,,,,,,,,,,,,,
6,6.3,6.3.1,EN_WWT_GEN,Total wastewater generated (million m3/year),818,Egypt,INDUSTRIES,ALLAREA,G,M_M3_PER_YR,912.5,,,,,,,,,,,,,,,,,,,,,,,,,,,,,,,,,,,,,,,,
6,6.3,6.3.1,EN_WWT_GEN,Total wastewater generated (million m3/year),818,Egypt,ISIC4_A,ALLAREA,G,M_M3_PER_YR,8869.5,,,,,,,,,,,,,,,,,,,,,,,,,,,,,,,,,,,,,,,,
6,6.3,6.3.1,EN_WWT_GEN,Total wastewater generated (million m3/year),818,Egypt,ISIC4_B,ALLAREA,G,M_M3_PER_YR,NaN,,,,,,,,,,,,,,,,,,,,,,,,,,,,,,,,,,,,,,,,
6,6.3,6.3.1,EN_WWT_GEN,Total wastewater generated (million m3/year),818,Egypt,ISIC4_C,ALLAREA,G,M_M3_PER_YR,912.5,,,,,,,,,,,,,,,,,,,,,,,,,,,,,,,,,,,,,,,,
6,6.3,6.3.1,EN_WWT_GEN,Total wastewater generated (million m3/year),818,Egypt,ISIC4_D,ALLAREA,G,M_M3_PER_YR,NaN,,,,,,,,,,,,,,,,,,,,,,,,,,,,,,,,,,,,,,,,
6,6.3,6.3.1,EN_WWT_GEN,Total wastewater generated (million m3/year),818,Egypt,ISIC4_F,ALLAREA,G,M_M3_PER_YR,NaN,,,,,,,,,,,,,,,,,,,,,,,,,,,,,,,,,,,,,,,,
6,6.3,6.3.1,EN_WWT_GEN,Total wastewater generated (million m3/year),818,Egypt,PRIV_HH,ALLAREA,G,M_M3_PER_YR,NaN,,,,,,,,,,,,,,,,,,,,,,,,,,,,,,,,,,,,,,,,
6,6.3,6.3.1,EN_WWT_GEN,Total wastewater generated (million m3/year),818,Egypt,SERV_HH,ALLAREA,G,M_M3_PER_YR,NaN,,,,,,,,,,,,,,,,,,,,,,,,,,,,,,,,,,,,,,,,
6,6.3,6.3.1,EN_WWT_GEN,Total wastewater generated (million m3/year),818,Egypt,SERVICES,ALLAREA,G,M_M3_PER_YR,NaN,,,,,,,,,,,,,,,,,,,,,,,,,,,,,,,,,,,,,,,,
6,6.3,6.3.1,EN_WWT_GEN,Total wastewater generated (million m3/year),818,Egypt,TOTAL,ALLAREA,G,M_M3_PER_YR,11899,,,,,,,,,,,,,,,,,,,,,,,,,,,,,,,,,,,,,,,,
6,6.3,6.3.1,EN_WWT_GEN,Total wastewater generated (million m3/year),818,Egypt,TOTAL,URBAN,G,M_M3_PER_YR,NaN,,,,,,,,,,,,,,,,,,,,,,,,,,,,,,,,,,,,,,,,
6,6.3,6.3.1,EN_WWT_GEN,Total wastewater generated (million m3/year),233,Estonia,INDUSTRIES,ALLAREA,G,M_M3_PER_YR,136.99,,,,,,,,,,,,,,,,,,,,,,,,,,,,,,,,,,,,,,,,
6,6.3,6.3.1,EN_WWT_GEN,Total wastewater generated (million m3/year),233,Estonia,ISIC4_A,ALLAREA,G,M_M3_PER_YR,NaN,,,,,,,,,,,,,,,,,,,,,,,,,,,,,,,,,,,,,,,,
6,6.3,6.3.1,EN_WWT_GEN,Total wastewater generated (million m3/year),233,Estonia,ISIC4_B,ALLAREA,G,M_M3_PER_YR,136.99,,,,,,,,,,,,,,,,,,,,,,,,,,,,,,,,,,,,,,,,
6,6.3,6.3.1,EN_WWT_GEN,Total wastewater generated (million m3/year),233,Estonia,ISIC4_C,ALLAREA,G,M_M3_PER_YR,NaN,,,,,,,,,,,,,,,,,,,,,,,,,,,,,,,,,,,,,,,,
6,6.3,6.3.1,EN_WWT_GEN,Total wastewater generated (million m3/year),233,Estonia,ISIC4_D,ALLAREA,G,M_M3_PER_YR,NaN,,,,,,,,,,,,,,,,,,,,,,,,,,,,,,,,,,,,,,,,
6,6.3,6.3.1,EN_WWT_GEN,Total wastewater generated (million m3/year),233,Estonia,ISIC4_F,ALLAREA,G,M_M3_PER_YR,NaN,,,,,,,,,,,,,,,,,,,,,,,,,,,,,,,,,,,,,,,,
6,6.3,6.3.1,EN_WWT_GEN,Total wastewater generated (million m3/year),233,Estonia,PRIV_HH,ALLAREA,G,M_M3_PER_YR,NaN,,,,,,,,,,,,,,,,,,,,,,,,,,,,,,,,,,,,,,,,
6,6.3,6.3.1,EN_WWT_GEN,Total wastewater generated (million m3/year),233,Estonia,SERV_HH,ALLAREA,G,M_M3_PER_YR,NaN,,,,,,,,,,,,,,,,,,,,,,,,,,,,,,,,,,,,,,,,
6,6.3,6.3.1,EN_WWT_GEN,Total wastewater generated (million m3/year),233,Estonia,SERVICES,ALLAREA,G,M_M3_PER_YR,NaN,,,,,,,,,,,,,,,,,,,,,,,,,,,,,,,,,,,,,,,,
6,6.3,6.3.1,EN_WWT_GEN,Total wastewater generated (million m3/year),233,Estonia,TOTAL,ALLAREA,G,M_M3_PER_YR,136.99,,,,,,,,,,,,,,,,,,,,,,,,,,,,,,,,,,,,,,,,
6,6.3,6.3.1,EN_WWT_GEN,Total wastewater generated (million m3/year),233,Estonia,TOTAL,URBAN,G,M_M3_PER_YR,NaN,,,,,,,,,,,,,,,,,,,,,,,,,,,,,,,,,,,,,,,,
6,6.3,6.3.1,EN_WWT_GEN,Total wastewater generated (million m3/year),246,Finland,INDUSTRIES,ALLAREA,G,M_M3_PER_YR,12,,,,,,,,,,,,,,,,,,,,,,,,,,,,,,,,,,,,,,,,
6,6.3,6.3.1,EN_WWT_GEN,Total wastewater generated (million m3/year),246,Finland,ISIC4_A,ALLAREA,G,M_M3_PER_YR,NaN,,,,,,,,,,,,,,,,,,,,,,,,,,,,,,,,,,,,,,,,
6,6.3,6.3.1,EN_WWT_GEN,Total wastewater generated (million m3/year),246,Finland,ISIC4_B,ALLAREA,G,M_M3_PER_YR,12,,,,,,,,,,,,,,,,,,,,,,,,,,,,,,,,,,,,,,,,
6,6.3,6.3.1,EN_WWT_GEN,Total wastewater generated (million m3/year),246,Finland,ISIC4_C,ALLAREA,G,M_M3_PER_YR,NaN,,,,,,,,,,,,,,,,,,,,,,,,,,,,,,,,,,,,,,,,
6,6.3,6.3.1,EN_WWT_GEN,Total wastewater generated (million m3/year),246,Finland,ISIC4_D,ALLAREA,G,M_M3_PER_YR,NaN,,,,,,,,,,,,,,,,,,,,,,,,,,,,,,,,,,,,,,,,
6,6.3,6.3.1,EN_WWT_GEN,Total wastewater generated (million m3/year),246,Finland,ISIC4_F,ALLAREA,G,M_M3_PER_YR,NaN,,,,,,,,,,,,,,,,,,,,,,,,,,,,,,,,,,,,,,,,
6,6.3,6.3.1,EN_WWT_GEN,Total wastewater generated (million m3/year),246,Finland,PRIV_HH,ALLAREA,G,M_M3_PER_YR,296,,,,,,,,,,,,,,,,,,,,,,,,,,,,,,,,,,,,,,,,
6,6.3,6.3.1,EN_WWT_GEN,Total wastewater generated (million m3/year),246,Finland,SERV_HH,ALLAREA,G,M_M3_PER_YR,NaN,,,,,,,,,,,,,,,,,,,,,,,,,,,,,,,,,,,,,,,,
6,6.3,6.3.1,EN_WWT_GEN,Total wastewater generated (million m3/year),246,Finland,SERVICES,ALLAREA,G,M_M3_PER_YR,NaN,,,,,,,,,,,,,,,,,,,,,,,,,,,,,,,,,,,,,,,,
6,6.3,6.3.1,EN_WWT_GEN,Total wastewater generated (million m3/year),246,Finland,TOTAL,ALLAREA,G,M_M3_PER_YR,308,,,,,,,,,,,,,,,,,,,,,,,,,,,,,,,,,,,,,,,,
6,6.3,6.3.1,EN_WWT_GEN,Total wastewater generated (million m3/year),246,Finland,TOTAL,URBAN,G,M_M3_PER_YR,NaN,,,,,,,,,,,,,,,,,,,,,,,,,,,,,,,,,,,,,,,,
6,6.3,6.3.1,EN_WWT_GEN,Total wastewater generated (million m3/year),276,Germany,INDUSTRIES,ALLAREA,G,M_M3_PER_YR,1116.562,,,,,,,,,,,,,,,,,,,,,,,,,,,,,,,,,,,,,,,,
6,6.3,6.3.1,EN_WWT_GEN,Total wastewater generated (million m3/year),276,Germany,ISIC4_A,ALLAREA,G,M_M3_PER_YR,NaN,,,,,,,,,,,,,,,,,,,,,,,,,,,,,,,,,,,,,,,,
6,6.3,6.3.1,EN_WWT_GEN,Total wastewater generated (million m3/year),276,Germany,ISIC4_B,ALLAREA,G,M_M3_PER_YR,NaN,,,,,,,,,,,,,,,,,,,,,,,,,,,,,,,,,,,,,,,,
6,6.3,6.3.1,EN_WWT_GEN,Total wastewater generated (million m3/year),276,Germany,ISIC4_C,ALLAREA,G,M_M3_PER_YR,1050.468,,,,,,,,,,,,,,,,,,,,,,,,,,,,,,,,,,,,,,,,
6,6.3,6.3.1,EN_WWT_GEN,Total wastewater generated (million m3/year),276,Germany,ISIC4_D,ALLAREA,G,M_M3_PER_YR,66.094,,,,,,,,,,,,,,,,,,,,,,,,,,,,,,,,,,,,,,,,
6,6.3,6.3.1,EN_WWT_GEN,Total wastewater generated (million m3/year),276,Germany,ISIC4_F,ALLAREA,G,M_M3_PER_YR,NaN,,,,,,,,,,,,,,,,,,,,,,,,,,,,,,,,,,,,,,,,
6,6.3,6.3.1,EN_WWT_GEN,Total wastewater generated (million m3/year),276,Germany,PRIV_HH,ALLAREA,G,M_M3_PER_YR,5114.693,,,,,,,,,,,,,,,,,,,,,,,,,,,,,,,,,,,,,,,,
6,6.3,6.3.1,EN_WWT_GEN,Total wastewater generated (million m3/year),276,Germany,SERV_HH,ALLAREA,G,M_M3_PER_YR,NaN,,,,,,,,,,,,,,,,,,,,,,,,,,,,,,,,,,,,,,,,
6,6.3,6.3.1,EN_WWT_GEN,Total wastewater generated (million m3/year),276,Germany,SERVICES,ALLAREA,G,M_M3_PER_YR,NaN,,,,,,,,,,,,,,,,,,,,,,,,,,,,,,,,,,,,,,,,
6,6.3,6.3.1,EN_WWT_GEN,Total wastewater generated (million m3/year),276,Germany,TOTAL,ALLAREA,G,M_M3_PER_YR,6231.255,,,,,,,,,,,,,,,,,,,,,,,,,,,,,,,,,,,,,,,,
6,6.3,6.3.1,EN_WWT_GEN,Total wastewater generated (million m3/year),276,Germany,TOTAL,URBAN,G,M_M3_PER_YR,NaN,,,,,,,,,,,,,,,,,,,,,,,,,,,,,,,,,,,,,,,,
6,6.3,6.3.1,EN_WWT_GEN,Total wastewater generated (million m3/year),348,Hungary,INDUSTRIES,ALLAREA,G,M_M3_PER_YR,NaN,,,,,,,,,,,,,,,,,,,,,,,,,,,,,,,,,,,,,,,,
6,6.3,6.3.1,EN_WWT_GEN,Total wastewater generated (million m3/year),348,Hungary,ISIC4_A,ALLAREA,G,M_M3_PER_YR,NaN,,,,,,,,,,,,,,,,,,,,,,,,,,,,,,,,,,,,,,,,
6,6.3,6.3.1,EN_WWT_GEN,Total wastewater generated (million m3/year),348,Hungary,ISIC4_B,ALLAREA,G,M_M3_PER_YR,NaN,,,,,,,,,,,,,,,,,,,,,,,,,,,,,,,,,,,,,,,,
6,6.3,6.3.1,EN_WWT_GEN,Total wastewater generated (million m3/year),348,Hungary,ISIC4_C,ALLAREA,G,M_M3_PER_YR,NaN,,,,,,,,,,,,,,,,,,,,,,,,,,,,,,,,,,,,,,,,
6,6.3,6.3.1,EN_WWT_GEN,Total wastewater generated (million m3/year),348,Hungary,ISIC4_D,ALLAREA,G,M_M3_PER_YR,NaN,,,,,,,,,,,,,,,,,,,,,,,,,,,,,,,,,,,,,,,,
6,6.3,6.3.1,EN_WWT_GEN,Total wastewater generated (million m3/year),348,Hungary,ISIC4_F,ALLAREA,G,M_M3_PER_YR,NaN,,,,,,,,,,,,,,,,,,,,,,,,,,,,,,,,,,,,,,,,
6,6.3,6.3.1,EN_WWT_GEN,Total wastewater generated (million m3/year),348,Hungary,PRIV_HH,ALLAREA,G,M_M3_PER_YR,335.271,,,,,,,,,,,,,,,,,,,,,,,,,,,,,,,,,,,,,,,,
6,6.3,6.3.1,EN_WWT_GEN,Total wastewater generated (million m3/year),348,Hungary,SERV_HH,ALLAREA,G,M_M3_PER_YR,417.299,,,,,,,,,,,,,,,,,,,,,,,,,,,,,,,,,,,,,,,,
6,6.3,6.3.1,EN_WWT_GEN,Total wastewater generated (million m3/year),348,Hungary,SERVICES,ALLAREA,G,M_M3_PER_YR,82.028,,,,,,,,,,,,,,,,,,,,,,,,,,,,,,,,,,,,,,,,
6,6.3,6.3.1,EN_WWT_GEN,Total wastewater generated (million m3/year),348,Hungary,TOTAL,ALLAREA,G,M_M3_PER_YR,417.299,,,,,,,,,,,,,,,,,,,,,,,,,,,,,,,,,,,,,,,,
6,6.3,6.3.1,EN_WWT_GEN,Total wastewater generated (million m3/year),348,Hungary,TOTAL,URBAN,G,M_M3_PER_YR,NaN,,,,,,,,,,,,,,,,,,,,,,,,,,,,,,,,,,,,,,,,
6,6.3,6.3.1,EN_WWT_GEN,Total wastewater generated (million m3/year),364,Iran (Islamic Republic of),INDUSTRIES,ALLAREA,G,M_M3_PER_YR,NaN,,,,,,,,,,,,,,,,,,,,,,,,,,,,,,,,,,,,,,,,
6,6.3,6.3.1,EN_WWT_GEN,Total wastewater generated (million m3/year),364,Iran (Islamic Republic of),ISIC4_A,ALLAREA,G,M_M3_PER_YR,NaN,,,,,,,,,,,,,,,,,,,,,,,,,,,,,,,,,,,,,,,,
6,6.3,6.3.1,EN_WWT_GEN,Total wastewater generated (million m3/year),364,Iran (Islamic Republic of),ISIC4_B,ALLAREA,G,M_M3_PER_YR,NaN,,,,,,,,,,,,,,,,,,,,,,,,,,,,,,,,,,,,,,,,
6,6.3,6.3.1,EN_WWT_GEN,Total wastewater generated (million m3/year),364,Iran (Islamic Republic of),ISIC4_C,ALLAREA,G,M_M3_PER_YR,NaN,,,,,,,,,,,,,,,,,,,,,,,,,,,,,,,,,,,,,,,,
6,6.3,6.3.1,EN_WWT_GEN,Total wastewater generated (million m3/year),364,Iran (Islamic Republic of),ISIC4_D,ALLAREA,G,M_M3_PER_YR,NaN,,,,,,,,,,,,,,,,,,,,,,,,,,,,,,,,,,,,,,,,
6,6.3,6.3.1,EN_WWT_GEN,Total wastewater generated (million m3/year),364,Iran (Islamic Republic of),ISIC4_F,ALLAREA,G,M_M3_PER_YR,NaN,,,,,,,,,,,,,,,,,,,,,,,,,,,,,,,,,,,,,,,,
6,6.3,6.3.1,EN_WWT_GEN,Total wastewater generated (million m3/year),364,Iran (Islamic Republic of),PRIV_HH,ALLAREA,G,M_M3_PER_YR,3109.435,,,,,,,,,,,,,,,,,,,,,,,,,,,,,,,,,,,,,,,,
6,6.3,6.3.1,EN_WWT_GEN,Total wastewater generated (million m3/year),364,Iran (Islamic Republic of),SERV_HH,ALLAREA,G,M_M3_PER_YR,NaN,,,,,,,,,,,,,,,,,,,,,,,,,,,,,,,,,,,,,,,,
6,6.3,6.3.1,EN_WWT_GEN,Total wastewater generated (million m3/year),364,Iran (Islamic Republic of),SERVICES,ALLAREA,G,M_M3_PER_YR,NaN,,,,,,,,,,,,,,,,,,,,,,,,,,,,,,,,,,,,,,,,
6,6.3,6.3.1,EN_WWT_GEN,Total wastewater generated (million m3/year),364,Iran (Islamic Republic of),TOTAL,ALLAREA,G,M_M3_PER_YR,3109.435,,,,,,,,,,,,,,,,,,,,,,,,,,,,,,,,,,,,,,,,
6,6.3,6.3.1,EN_WWT_GEN,Total wastewater generated (million m3/year),364,Iran (Islamic Republic of),TOTAL,URBAN,G,M_M3_PER_YR,NaN,,,,,,,,,,,,,,,,,,,,,,,,,,,,,,,,,,,,,,,,
6,6.3,6.3.1,EN_WWT_GEN,Total wastewater generated (million m3/year),368,Iraq,INDUSTRIES,ALLAREA,G,M_M3_PER_YR,NaN,,,,,,,,,,,,,,,,,,,,,,,,,,,,,,,,,,,,,,,,
6,6.3,6.3.1,EN_WWT_GEN,Total wastewater generated (million m3/year),368,Iraq,ISIC4_A,ALLAREA,G,M_M3_PER_YR,NaN,,,,,,,,,,,,,,,,,,,,,,,,,,,,,,,,,,,,,,,,
6,6.3,6.3.1,EN_WWT_GEN,Total wastewater generated (million m3/year),368,Iraq,ISIC4_B,ALLAREA,G,M_M3_PER_YR,NaN,,,,,,,,,,,,,,,,,,,,,,,,,,,,,,,,,,,,,,,,
6,6.3,6.3.1,EN_WWT_GEN,Total wastewater generated (million m3/year),368,Iraq,ISIC4_C,ALLAREA,G,M_M3_PER_YR,NaN,,,,,,,,,,,,,,,,,,,,,,,,,,,,,,,,,,,,,,,,
6,6.3,6.3.1,EN_WWT_GEN,Total wastewater generated (million m3/year),368,Iraq,ISIC4_D,ALLAREA,G,M_M3_PER_YR,NaN,,,,,,,,,,,,,,,,,,,,,,,,,,,,,,,,,,,,,,,,
6,6.3,6.3.1,EN_WWT_GEN,Total wastewater generated (million m3/year),368,Iraq,ISIC4_F,ALLAREA,G,M_M3_PER_YR,NaN,,,,,,,,,,,,,,,,,,,,,,,,,,,,,,,,,,,,,,,,
6,6.3,6.3.1,EN_WWT_GEN,Total wastewater generated (million m3/year),368,Iraq,PRIV_HH,ALLAREA,G,M_M3_PER_YR,627.10649,,,,,,,,,,,,,,,,,,,,,,,,,,,,,,,,,,,,,,,,
6,6.3,6.3.1,EN_WWT_GEN,Total wastewater generated (million m3/year),368,Iraq,SERV_HH,ALLAREA,G,M_M3_PER_YR,NaN,,,,,,,,,,,,,,,,,,,,,,,,,,,,,,,,,,,,,,,,
6,6.3,6.3.1,EN_WWT_GEN,Total wastewater generated (million m3/year),368,Iraq,SERVICES,ALLAREA,G,M_M3_PER_YR,NaN,,,,,,,,,,,,,,,,,,,,,,,,,,,,,,,,,,,,,,,,
6,6.3,6.3.1,EN_WWT_GEN,Total wastewater generated (million m3/year),368,Iraq,TOTAL,ALLAREA,G,M_M3_PER_YR,704.59601,,,,,,,,,,,,,,,,,,,,,,,,,,,,,,,,,,,,,,,,
6,6.3,6.3.1,EN_WWT_GEN,Total wastewater generated (million m3/year),368,Iraq,TOTAL,URBAN,G,M_M3_PER_YR,NaN,,,,,,,,,,,,,,,,,,,,,,,,,,,,,,,,,,,,,,,,
6,6.3,6.3.1,EN_WWT_GEN,Total wastewater generated (million m3/year),400,Jordan,INDUSTRIES,ALLAREA,G,M_M3_PER_YR,30.32,,,,,,,,,,,,,,,,,,,,,,,,,,,,,,,,,,,,,,,,
6,6.3,6.3.1,EN_WWT_GEN,Total wastewater generated (million m3/year),400,Jordan,ISIC4_A,ALLAREA,G,M_M3_PER_YR,NaN,,,,,,,,,,,,,,,,,,,,,,,,,,,,,,,,,,,,,,,,
6,6.3,6.3.1,EN_WWT_GEN,Total wastewater generated (million m3/year),400,Jordan,ISIC4_B,ALLAREA,G,M_M3_PER_YR,NaN,,,,,,,,,,,,,,,,,,,,,,,,,,,,,,,,,,,,,,,,
6,6.3,6.3.1,EN_WWT_GEN,Total wastewater generated (million m3/year),400,Jordan,ISIC4_C,ALLAREA,G,M_M3_PER_YR,30.32,,,,,,,,,,,,,,,,,,,,,,,,,,,,,,,,,,,,,,,,
6,6.3,6.3.1,EN_WWT_GEN,Total wastewater generated (million m3/year),400,Jordan,ISIC4_D,ALLAREA,G,M_M3_PER_YR,NaN,,,,,,,,,,,,,,,,,,,,,,,,,,,,,,,,,,,,,,,,
6,6.3,6.3.1,EN_WWT_GEN,Total wastewater generated (million m3/year),400,Jordan,ISIC4_F,ALLAREA,G,M_M3_PER_YR,NaN,,,,,,,,,,,,,,,,,,,,,,,,,,,,,,,,,,,,,,,,
6,6.3,6.3.1,EN_WWT_GEN,Total wastewater generated (million m3/year),400,Jordan,PRIV_HH,ALLAREA,G,M_M3_PER_YR,252.1,,,,,,,,,,,,,,,,,,,,,,,,,,,,,,,,,,,,,,,,
6,6.3,6.3.1,EN_WWT_GEN,Total wastewater generated (million m3/year),400,Jordan,SERV_HH,ALLAREA,G,M_M3_PER_YR,NaN,,,,,,,,,,,,,,,,,,,,,,,,,,,,,,,,,,,,,,,,
6,6.3,6.3.1,EN_WWT_GEN,Total wastewater generated (million m3/year),400,Jordan,SERVICES,ALLAREA,G,M_M3_PER_YR,NaN,,,,,,,,,,,,,,,,,,,,,,,,,,,,,,,,,,,,,,,,
6,6.3,6.3.1,EN_WWT_GEN,Total wastewater generated (million m3/year),400,Jordan,TOTAL,ALLAREA,G,M_M3_PER_YR,282.42,,,,,,,,,,,,,,,,,,,,,,,,,,,,,,,,,,,,,,,,
6,6.3,6.3.1,EN_WWT_GEN,Total wastewater generated (million m3/year),400,Jordan,TOTAL,URBAN,G,M_M3_PER_YR,NaN,,,,,,,,,,,,,,,,,,,,,,,,,,,,,,,,,,,,,,,,
6,6.3,6.3.1,EN_WWT_GEN,Total wastewater generated (million m3/year),398,Kazakhstan,INDUSTRIES,ALLAREA,G,M_M3_PER_YR,4234.98557,,,,,,,,,,,,,,,,,,,,,,,,,,,,,,,,,,,,,,,,
6,6.3,6.3.1,EN_WWT_GEN,Total wastewater generated (million m3/year),398,Kazakhstan,ISIC4_A,ALLAREA,G,M_M3_PER_YR,297.0005,,,,,,,,,,,,,,,,,,,,,,,,,,,,,,,,,,,,,,,,
6,6.3,6.3.1,EN_WWT_GEN,Total wastewater generated (million m3/year),398,Kazakhstan,ISIC4_B,ALLAREA,G,M_M3_PER_YR,NaN,,,,,,,,,,,,,,,,,,,,,,,,,,,,,,,,,,,,,,,,
6,6.3,6.3.1,EN_WWT_GEN,Total wastewater generated (million m3/year),398,Kazakhstan,ISIC4_C,ALLAREA,G,M_M3_PER_YR,4234.98557,,,,,,,,,,,,,,,,,,,,,,,,,,,,,,,,,,,,,,,,
6,6.3,6.3.1,EN_WWT_GEN,Total wastewater generated (million m3/year),398,Kazakhstan,ISIC4_D,ALLAREA,G,M_M3_PER_YR,NaN,,,,,,,,,,,,,,,,,,,,,,,,,,,,,,,,,,,,,,,,
6,6.3,6.3.1,EN_WWT_GEN,Total wastewater generated (million m3/year),398,Kazakhstan,ISIC4_F,ALLAREA,G,M_M3_PER_YR,NaN,,,,,,,,,,,,,,,,,,,,,,,,,,,,,,,,,,,,,,,,
6,6.3,6.3.1,EN_WWT_GEN,Total wastewater generated (million m3/year),398,Kazakhstan,PRIV_HH,ALLAREA,G,M_M3_PER_YR,467.49202,,,,,,,,,,,,,,,,,,,,,,,,,,,,,,,,,,,,,,,,
6,6.3,6.3.1,EN_WWT_GEN,Total wastewater generated (million m3/year),398,Kazakhstan,SERV_HH,ALLAREA,G,M_M3_PER_YR,NaN,,,,,,,,,,,,,,,,,,,,,,,,,,,,,,,,,,,,,,,,
6,6.3,6.3.1,EN_WWT_GEN,Total wastewater generated (million m3/year),398,Kazakhstan,SERVICES,ALLAREA,G,M_M3_PER_YR,NaN,,,,,,,,,,,,,,,,,,,,,,,,,,,,,,,,,,,,,,,,
6,6.3,6.3.1,EN_WWT_GEN,Total wastewater generated (million m3/year),398,Kazakhstan,TOTAL,ALLAREA,G,M_M3_PER_YR,5918.84,,,,,,,,,,,,,,,,,,,,,,,,,,,,,,,,,,,,,,,,
6,6.3,6.3.1,EN_WWT_GEN,Total wastewater generated (million m3/year),398,Kazakhstan,TOTAL,URBAN,G,M_M3_PER_YR,NaN,,,,,,,,,,,,,,,,,,,,,,,,,,,,,,,,,,,,,,,,
6,6.3,6.3.1,EN_WWT_GEN,Total wastewater generated (million m3/year),412,Kosovo,INDUSTRIES,ALLAREA,G,M_M3_PER_YR,11.982,,,,,,,,,,,,,,,,,,,,,,,,,,,,,,,,,,,,,,,,
6,6.3,6.3.1,EN_WWT_GEN,Total wastewater generated (million m3/year),412,Kosovo,ISIC4_A,ALLAREA,G,M_M3_PER_YR,NaN,,,,,,,,,,,,,,,,,,,,,,,,,,,,,,,,,,,,,,,,
6,6.3,6.3.1,EN_WWT_GEN,Total wastewater generated (million m3/year),412,Kosovo,ISIC4_B,ALLAREA,G,M_M3_PER_YR,NaN,,,,,,,,,,,,,,,,,,,,,,,,,,,,,,,,,,,,,,,,
6,6.3,6.3.1,EN_WWT_GEN,Total wastewater generated (million m3/year),412,Kosovo,ISIC4_C,ALLAREA,G,M_M3_PER_YR,4.392,,,,,,,,,,,,,,,,,,,,,,,,,,,,,,,,,,,,,,,,
6,6.3,6.3.1,EN_WWT_GEN,Total wastewater generated (million m3/year),412,Kosovo,ISIC4_D,ALLAREA,G,M_M3_PER_YR,7.59,,,,,,,,,,,,,,,,,,,,,,,,,,,,,,,,,,,,,,,,
6,6.3,6.3.1,EN_WWT_GEN,Total wastewater generated (million m3/year),412,Kosovo,ISIC4_F,ALLAREA,G,M_M3_PER_YR,NaN,,,,,,,,,,,,,,,,,,,,,,,,,,,,,,,,,,,,,,,,
6,6.3,6.3.1,EN_WWT_GEN,Total wastewater generated (million m3/year),412,Kosovo,PRIV_HH,ALLAREA,G,M_M3_PER_YR,34.626,,,,,,,,,,,,,,,,,,,,,,,,,,,,,,,,,,,,,,,,
6,6.3,6.3.1,EN_WWT_GEN,Total wastewater generated (million m3/year),412,Kosovo,SERV_HH,ALLAREA,G,M_M3_PER_YR,38.751,,,,,,,,,,,,,,,,,,,,,,,,,,,,,,,,,,,,,,,,
6,6.3,6.3.1,EN_WWT_GEN,Total wastewater generated (million m3/year),412,Kosovo,SERVICES,ALLAREA,G,M_M3_PER_YR,3.925,,,,,,,,,,,,,,,,,,,,,,,,,,,,,,,,,,,,,,,,
6,6.3,6.3.1,EN_WWT_GEN,Total wastewater generated (million m3/year),412,Kosovo,TOTAL,ALLAREA,G,M_M3_PER_YR,50.533,,,,,,,,,,,,,,,,,,,,,,,,,,,,,,,,,,,,,,,,
6,6.3,6.3.1,EN_WWT_GEN,Total wastewater generated (million m3/year),412,Kosovo,TOTAL,URBAN,G,M_M3_PER_YR,NaN,,,,,,,,,,,,,,,,,,,,,,,,,,,,,,,,,,,,,,,,
6,6.3,6.3.1,EN_WWT_GEN,Total wastewater generated (million m3/year),428,Latvia,INDUSTRIES,ALLAREA,G,M_M3_PER_YR,30.346,,,,,,,,,,,,,,,,,,,,,,,,,,,,,,,,,,,,,,,,
6,6.3,6.3.1,EN_WWT_GEN,Total wastewater generated (million m3/year),428,Latvia,ISIC4_A,ALLAREA,G,M_M3_PER_YR,45.023,,,,,,,,,,,,,,,,,,,,,,,,,,,,,,,,,,,,,,,,
6,6.3,6.3.1,EN_WWT_GEN,Total wastewater generated (million m3/year),428,Latvia,ISIC4_B,ALLAREA,G,M_M3_PER_YR,9.172,,,,,,,,,,,,,,,,,,,,,,,,,,,,,,,,,,,,,,,,
6,6.3,6.3.1,EN_WWT_GEN,Total wastewater generated (million m3/year),428,Latvia,ISIC4_C,ALLAREA,G,M_M3_PER_YR,17.119,,,,,,,,,,,,,,,,,,,,,,,,,,,,,,,,,,,,,,,,
6,6.3,6.3.1,EN_WWT_GEN,Total wastewater generated (million m3/year),428,Latvia,ISIC4_D,ALLAREA,G,M_M3_PER_YR,3,,,,,,,,,,,,,,,,,,,,,,,,,,,,,,,,,,,,,,,,
6,6.3,6.3.1,EN_WWT_GEN,Total wastewater generated (million m3/year),428,Latvia,ISIC4_F,ALLAREA,G,M_M3_PER_YR,0.759,,,,,,,,,,,,,,,,,,,,,,,,,,,,,,,,,,,,,,,,
6,6.3,6.3.1,EN_WWT_GEN,Total wastewater generated (million m3/year),428,Latvia,PRIV_HH,ALLAREA,G,M_M3_PER_YR,106.913,,,,,,,,,,,,,,,,,,,,,,,,,,,,,,,,,,,,,,,,
6,6.3,6.3.1,EN_WWT_GEN,Total wastewater generated (million m3/year),428,Latvia,SERV_HH,ALLAREA,G,M_M3_PER_YR,113.084,,,,,,,,,,,,,,,,,,,,,,,,,,,,,,,,,,,,,,,,
6,6.3,6.3.1,EN_WWT_GEN,Total wastewater generated (million m3/year),428,Latvia,SERVICES,ALLAREA,G,M_M3_PER_YR,6.17,,,,,,,,,,,,,,,,,,,,,,,,,,,,,,,,,,,,,,,,
6,6.3,6.3.1,EN_WWT_GEN,Total wastewater generated (million m3/year),428,Latvia,TOTAL,ALLAREA,G,M_M3_PER_YR,188.452,,,,,,,,,,,,,,,,,,,,,,,,,,,,,,,,,,,,,,,,
6,6.3,6.3.1,EN_WWT_GEN,Total wastewater generated (million m3/year),428,Latvia,TOTAL,URBAN,G,M_M3_PER_YR,NaN,,,,,,,,,,,,,,,,,,,,,,,,,,,,,,,,,,,,,,,,
6,6.3,6.3.1,EN_WWT_GEN,Total wastewater generated (million m3/year),440,Lithuania,INDUSTRIES,ALLAREA,G,M_M3_PER_YR,33.736,,,,,,,,,,,,,,,,,,,,,,,,,,,,,,,,,,,,,,,,
6,6.3,6.3.1,EN_WWT_GEN,Total wastewater generated (million m3/year),440,Lithuania,ISIC4_A,ALLAREA,G,M_M3_PER_YR,56.696,,,,,,,,,,,,,,,,,,,,,,,,,,,,,,,,,,,,,,,,
6,6.3,6.3.1,EN_WWT_GEN,Total wastewater generated (million m3/year),440,Lithuania,ISIC4_B,ALLAREA,G,M_M3_PER_YR,0.53,,,,,,,,,,,,,,,,,,,,,,,,,,,,,,,,,,,,,,,,
6,6.3,6.3.1,EN_WWT_GEN,Total wastewater generated (million m3/year),440,Lithuania,ISIC4_C,ALLAREA,G,M_M3_PER_YR,30.174,,,,,,,,,,,,,,,,,,,,,,,,,,,,,,,,,,,,,,,,
6,6.3,6.3.1,EN_WWT_GEN,Total wastewater generated (million m3/year),440,Lithuania,ISIC4_D,ALLAREA,G,M_M3_PER_YR,1.702,,,,,,,,,,,,,,,,,,,,,,,,,,,,,,,,,,,,,,,,
6,6.3,6.3.1,EN_WWT_GEN,Total wastewater generated (million m3/year),440,Lithuania,ISIC4_F,ALLAREA,G,M_M3_PER_YR,0.549,,,,,,,,,,,,,,,,,,,,,,,,,,,,,,,,,,,,,,,,
6,6.3,6.3.1,EN_WWT_GEN,Total wastewater generated (million m3/year),440,Lithuania,PRIV_HH,ALLAREA,G,M_M3_PER_YR,148.655,,,,,,,,,,,,,,,,,,,,,,,,,,,,,,,,,,,,,,,,
6,6.3,6.3.1,EN_WWT_GEN,Total wastewater generated (million m3/year),440,Lithuania,SERV_HH,ALLAREA,G,M_M3_PER_YR,177.449,,,,,,,,,,,,,,,,,,,,,,,,,,,,,,,,,,,,,,,,
6,6.3,6.3.1,EN_WWT_GEN,Total wastewater generated (million m3/year),440,Lithuania,SERVICES,ALLAREA,G,M_M3_PER_YR,28.793,,,,,,,,,,,,,,,,,,,,,,,,,,,,,,,,,,,,,,,,
6,6.3,6.3.1,EN_WWT_GEN,Total wastewater generated (million m3/year),440,Lithuania,TOTAL,ALLAREA,G,M_M3_PER_YR,267.88,,,,,,,,,,,,,,,,,,,,,,,,,,,,,,,,,,,,,,,,
6,6.3,6.3.1,EN_WWT_GEN,Total wastewater generated (million m3/year),440,Lithuania,TOTAL,URBAN,G,M_M3_PER_YR,NaN,,,,,,,,,,,,,,,,,,,,,,,,,,,,,,,,,,,,,,,,
6,6.3,6.3.1,EN_WWT_GEN,Total wastewater generated (million m3/year),458,Malaysia,INDUSTRIES,ALLAREA,G,M_M3_PER_YR,NaN,,,,,,,,,,,,,,,,,,,,,,,,,,,,,,,,,,,,,,,,
6,6.3,6.3.1,EN_WWT_GEN,Total wastewater generated (million m3/year),458,Malaysia,ISIC4_A,ALLAREA,G,M_M3_PER_YR,NaN,,,,,,,,,,,,,,,,,,,,,,,,,,,,,,,,,,,,,,,,
6,6.3,6.3.1,EN_WWT_GEN,Total wastewater generated (million m3/year),458,Malaysia,ISIC4_B,ALLAREA,G,M_M3_PER_YR,NaN,,,,,,,,,,,,,,,,,,,,,,,,,,,,,,,,,,,,,,,,
6,6.3,6.3.1,EN_WWT_GEN,Total wastewater generated (million m3/year),458,Malaysia,ISIC4_C,ALLAREA,G,M_M3_PER_YR,NaN,,,,,,,,,,,,,,,,,,,,,,,,,,,,,,,,,,,,,,,,
6,6.3,6.3.1,EN_WWT_GEN,Total wastewater generated (million m3/year),458,Malaysia,ISIC4_D,ALLAREA,G,M_M3_PER_YR,NaN,,,,,,,,,,,,,,,,,,,,,,,,,,,,,,,,,,,,,,,,
6,6.3,6.3.1,EN_WWT_GEN,Total wastewater generated (million m3/year),458,Malaysia,ISIC4_F,ALLAREA,G,M_M3_PER_YR,NaN,,,,,,,,,,,,,,,,,,,,,,,,,,,,,,,,,,,,,,,,
6,6.3,6.3.1,EN_WWT_GEN,Total wastewater generated (million m3/year),458,Malaysia,PRIV_HH,ALLAREA,G,M_M3_PER_YR,NaN,,,,,,,,,,,,,,,,,,,,,,,,,,,,,,,,,,,,,,,,
6,6.3,6.3.1,EN_WWT_GEN,Total wastewater generated (million m3/year),458,Malaysia,SERV_HH,ALLAREA,G,M_M3_PER_YR,NaN,,,,,,,,,,,,,,,,,,,,,,,,,,,,,,,,,,,,,,,,
6,6.3,6.3.1,EN_WWT_GEN,Total wastewater generated (million m3/year),458,Malaysia,SERVICES,ALLAREA,G,M_M3_PER_YR,NaN,,,,,,,,,,,,,,,,,,,,,,,,,,,,,,,,,,,,,,,,
6,6.3,6.3.1,EN_WWT_GEN,Total wastewater generated (million m3/year),458,Malaysia,TOTAL,ALLAREA,G,M_M3_PER_YR,1931.34885,,,,,,,,,,,,,,,,,,,,,,,,,,,,,,,,,,,,,,,,
6,6.3,6.3.1,EN_WWT_GEN,Total wastewater generated (million m3/year),458,Malaysia,TOTAL,URBAN,G,M_M3_PER_YR,NaN,,,,,,,,,,,,,,,,,,,,,,,,,,,,,,,,,,,,,,,,
6,6.3,6.3.1,EN_WWT_GEN,Total wastewater generated (million m3/year),470,Malta,INDUSTRIES,ALLAREA,G,M_M3_PER_YR,NaN,,,,,,,,,,,,,,,,,,,,,,,,,,,,,,,,,,,,,,,,
6,6.3,6.3.1,EN_WWT_GEN,Total wastewater generated (million m3/year),470,Malta,ISIC4_A,ALLAREA,G,M_M3_PER_YR,NaN,,,,,,,,,,,,,,,,,,,,,,,,,,,,,,,,,,,,,,,,
6,6.3,6.3.1,EN_WWT_GEN,Total wastewater generated (million m3/year),470,Malta,ISIC4_B,ALLAREA,G,M_M3_PER_YR,NaN,,,,,,,,,,,,,,,,,,,,,,,,,,,,,,,,,,,,,,,,
6,6.3,6.3.1,EN_WWT_GEN,Total wastewater generated (million m3/year),470,Malta,ISIC4_C,ALLAREA,G,M_M3_PER_YR,NaN,,,,,,,,,,,,,,,,,,,,,,,,,,,,,,,,,,,,,,,,
6,6.3,6.3.1,EN_WWT_GEN,Total wastewater generated (million m3/year),470,Malta,ISIC4_D,ALLAREA,G,M_M3_PER_YR,NaN,,,,,,,,,,,,,,,,,,,,,,,,,,,,,,,,,,,,,,,,
6,6.3,6.3.1,EN_WWT_GEN,Total wastewater generated (million m3/year),470,Malta,ISIC4_F,ALLAREA,G,M_M3_PER_YR,NaN,,,,,,,,,,,,,,,,,,,,,,,,,,,,,,,,,,,,,,,,
6,6.3,6.3.1,EN_WWT_GEN,Total wastewater generated (million m3/year),470,Malta,PRIV_HH,ALLAREA,G,M_M3_PER_YR,15.41,,,,,,,,,,,,,,,,,,,,,,,,,,,,,,,,,,,,,,,,
6,6.3,6.3.1,EN_WWT_GEN,Total wastewater generated (million m3/year),470,Malta,SERV_HH,ALLAREA,G,M_M3_PER_YR,NaN,,,,,,,,,,,,,,,,,,,,,,,,,,,,,,,,,,,,,,,,
6,6.3,6.3.1,EN_WWT_GEN,Total wastewater generated (million m3/year),470,Malta,SERVICES,ALLAREA,G,M_M3_PER_YR,NaN,,,,,,,,,,,,,,,,,,,,,,,,,,,,,,,,,,,,,,,,
6,6.3,6.3.1,EN_WWT_GEN,Total wastewater generated (million m3/year),470,Malta,TOTAL,ALLAREA,G,M_M3_PER_YR,15.41,,,,,,,,,,,,,,,,,,,,,,,,,,,,,,,,,,,,,,,,
6,6.3,6.3.1,EN_WWT_GEN,Total wastewater generated (million m3/year),470,Malta,TOTAL,URBAN,G,M_M3_PER_YR,NaN,,,,,,,,,,,,,,,,,,,,,,,,,,,,,,,,,,,,,,,,
6,6.3,6.3.1,EN_WWT_GEN,Total wastewater generated (million m3/year),484,Mexico,INDUSTRIES,ALLAREA,G,M_M3_PER_YR,6670,,,,,,,,,,,,,,,,,,,,,,,,,,,,,,,,,,,,,,,,
6,6.3,6.3.1,EN_WWT_GEN,Total wastewater generated (million m3/year),484,Mexico,ISIC4_A,ALLAREA,G,M_M3_PER_YR,NaN,,,,,,,,,,,,,,,,,,,,,,,,,,,,,,,,,,,,,,,,
6,6.3,6.3.1,EN_WWT_GEN,Total wastewater generated (million m3/year),484,Mexico,ISIC4_B,ALLAREA,G,M_M3_PER_YR,NaN,,,,,,,,,,,,,,,,,,,,,,,,,,,,,,,,,,,,,,,,
6,6.3,6.3.1,EN_WWT_GEN,Total wastewater generated (million m3/year),484,Mexico,ISIC4_C,ALLAREA,G,M_M3_PER_YR,NaN,,,,,,,,,,,,,,,,,,,,,,,,,,,,,,,,,,,,,,,,
6,6.3,6.3.1,EN_WWT_GEN,Total wastewater generated (million m3/year),484,Mexico,ISIC4_D,ALLAREA,G,M_M3_PER_YR,NaN,,,,,,,,,,,,,,,,,,,,,,,,,,,,,,,,,,,,,,,,
6,6.3,6.3.1,EN_WWT_GEN,Total wastewater generated (million m3/year),484,Mexico,ISIC4_F,ALLAREA,G,M_M3_PER_YR,NaN,,,,,,,,,,,,,,,,,,,,,,,,,,,,,,,,,,,,,,,,
6,6.3,6.3.1,EN_WWT_GEN,Total wastewater generated (million m3/year),484,Mexico,PRIV_HH,ALLAREA,G,M_M3_PER_YR,NaN,,,,,,,,,,,,,,,,,,,,,,,,,,,,,,,,,,,,,,,,
6,6.3,6.3.1,EN_WWT_GEN,Total wastewater generated (million m3/year),484,Mexico,SERV_HH,ALLAREA,G,M_M3_PER_YR,NaN,,,,,,,,,,,,,,,,,,,,,,,,,,,,,,,,,,,,,,,,
6,6.3,6.3.1,EN_WWT_GEN,Total wastewater generated (million m3/year),484,Mexico,SERVICES,ALLAREA,G,M_M3_PER_YR,NaN,,,,,,,,,,,,,,,,,,,,,,,,,,,,,,,,,,,,,,,,
6,6.3,6.3.1,EN_WWT_GEN,Total wastewater generated (million m3/year),484,Mexico,TOTAL,ALLAREA,G,M_M3_PER_YR,13455.75814,,,,,,,,,,,,,,,,,,,,,,,,,,,,,,,,,,,,,,,,
6,6.3,6.3.1,EN_WWT_GEN,Total wastewater generated (million m3/year),484,Mexico,TOTAL,URBAN,G,M_M3_PER_YR,6685.75814,,,,,,,,,,,,,,,,,,,,,,,,,,,,,,,,,,,,,,,,
6,6.3,6.3.1,EN_WWT_GEN,Total wastewater generated (million m3/year),492,Monaco,INDUSTRIES,ALLAREA,G,M_M3_PER_YR,NaN,,,,,,,,,,,,,,,,,,,,,,,,,,,,,,,,,,,,,,,,
6,6.3,6.3.1,EN_WWT_GEN,Total wastewater generated (million m3/year),492,Monaco,ISIC4_A,ALLAREA,G,M_M3_PER_YR,0,,,,,,,,,,,,,,,,,,,,,,,,,,,,,,,,,,,,,,,,
6,6.3,6.3.1,EN_WWT_GEN,Total wastewater generated (million m3/year),492,Monaco,ISIC4_B,ALLAREA,G,M_M3_PER_YR,NaN,,,,,,,,,,,,,,,,,,,,,,,,,,,,,,,,,,,,,,,,
6,6.3,6.3.1,EN_WWT_GEN,Total wastewater generated (million m3/year),492,Monaco,ISIC4_C,ALLAREA,G,M_M3_PER_YR,NaN,,,,,,,,,,,,,,,,,,,,,,,,,,,,,,,,,,,,,,,,
6,6.3,6.3.1,EN_WWT_GEN,Total wastewater generated (million m3/year),492,Monaco,ISIC4_D,ALLAREA,G,M_M3_PER_YR,NaN,,,,,,,,,,,,,,,,,,,,,,,,,,,,,,,,,,,,,,,,
6,6.3,6.3.1,EN_WWT_GEN,Total wastewater generated (million m3/year),492,Monaco,ISIC4_F,ALLAREA,G,M_M3_PER_YR,NaN,,,,,,,,,,,,,,,,,,,,,,,,,,,,,,,,,,,,,,,,
6,6.3,6.3.1,EN_WWT_GEN,Total wastewater generated (million m3/year),492,Monaco,PRIV_HH,ALLAREA,G,M_M3_PER_YR,NaN,,,,,,,,,,,,,,,,,,,,,,,,,,,,,,,,,,,,,,,,
6,6.3,6.3.1,EN_WWT_GEN,Total wastewater generated (million m3/year),492,Monaco,SERV_HH,ALLAREA,G,M_M3_PER_YR,NaN,,,,,,,,,,,,,,,,,,,,,,,,,,,,,,,,,,,,,,,,
6,6.3,6.3.1,EN_WWT_GEN,Total wastewater generated (million m3/year),492,Monaco,SERVICES,ALLAREA,G,M_M3_PER_YR,NaN,,,,,,,,,,,,,,,,,,,,,,,,,,,,,,,,,,,,,,,,
6,6.3,6.3.1,EN_WWT_GEN,Total wastewater generated (million m3/year),492,Monaco,TOTAL,ALLAREA,G,M_M3_PER_YR,6.14113,,,,,,,,,,,,,,,,,,,,,,,,,,,,,,,,,,,,,,,,
6,6.3,6.3.1,EN_WWT_GEN,Total wastewater generated (million m3/year),492,Monaco,TOTAL,URBAN,G,M_M3_PER_YR,NaN,,,,,,,,,,,,,,,,,,,,,,,,,,,,,,,,,,,,,,,,
6,6.3,6.3.1,EN_WWT_GEN,Total wastewater generated (million m3/year),496,Mongolia,INDUSTRIES,ALLAREA,G,M_M3_PER_YR,NaN,,,,,,,,,,,,,,,,,,,,,,,,,,,,,,,,,,,,,,,,
6,6.3,6.3.1,EN_WWT_GEN,Total wastewater generated (million m3/year),496,Mongolia,ISIC4_A,ALLAREA,G,M_M3_PER_YR,NaN,,,,,,,,,,,,,,,,,,,,,,,,,,,,,,,,,,,,,,,,
6,6.3,6.3.1,EN_WWT_GEN,Total wastewater generated (million m3/year),496,Mongolia,ISIC4_B,ALLAREA,G,M_M3_PER_YR,NaN,,,,,,,,,,,,,,,,,,,,,,,,,,,,,,,,,,,,,,,,
6,6.3,6.3.1,EN_WWT_GEN,Total wastewater generated (million m3/year),496,Mongolia,ISIC4_C,ALLAREA,G,M_M3_PER_YR,NaN,,,,,,,,,,,,,,,,,,,,,,,,,,,,,,,,,,,,,,,,
6,6.3,6.3.1,EN_WWT_GEN,Total wastewater generated (million m3/year),496,Mongolia,ISIC4_D,ALLAREA,G,M_M3_PER_YR,NaN,,,,,,,,,,,,,,,,,,,,,,,,,,,,,,,,,,,,,,,,
6,6.3,6.3.1,EN_WWT_GEN,Total wastewater generated (million m3/year),496,Mongolia,ISIC4_F,ALLAREA,G,M_M3_PER_YR,NaN,,,,,,,,,,,,,,,,,,,,,,,,,,,,,,,,,,,,,,,,
6,6.3,6.3.1,EN_WWT_GEN,Total wastewater generated (million m3/year),496,Mongolia,PRIV_HH,ALLAREA,G,M_M3_PER_YR,32.8135,,,,,,,,,,,,,,,,,,,,,,,,,,,,,,,,,,,,,,,,
6,6.3,6.3.1,EN_WWT_GEN,Total wastewater generated (million m3/year),496,Mongolia,SERV_HH,ALLAREA,G,M_M3_PER_YR,NaN,,,,,,,,,,,,,,,,,,,,,,,,,,,,,,,,,,,,,,,,
6,6.3,6.3.1,EN_WWT_GEN,Total wastewater generated (million m3/year),496,Mongolia,SERVICES,ALLAREA,G,M_M3_PER_YR,54.9325,,,,,,,,,,,,,,,,,,,,,,,,,,,,,,,,,,,,,,,,
6,6.3,6.3.1,EN_WWT_GEN,Total wastewater generated (million m3/year),496,Mongolia,TOTAL,ALLAREA,G,M_M3_PER_YR,87.746,,,,,,,,,,,,,,,,,,,,,,,,,,,,,,,,,,,,,,,,
6,6.3,6.3.1,EN_WWT_GEN,Total wastewater generated (million m3/year),496,Mongolia,TOTAL,URBAN,G,M_M3_PER_YR,NaN,,,,,,,,,,,,,,,,,,,,,,,,,,,,,,,,,,,,,,,,
6,6.3,6.3.1,EN_WWT_GEN,Total wastewater generated (million m3/year),504,Morocco,INDUSTRIES,ALLAREA,G,M_M3_PER_YR,NaN,,,,,,,,,,,,,,,,,,,,,,,,,,,,,,,,,,,,,,,,
6,6.3,6.3.1,EN_WWT_GEN,Total wastewater generated (million m3/year),504,Morocco,ISIC4_A,ALLAREA,G,M_M3_PER_YR,NaN,,,,,,,,,,,,,,,,,,,,,,,,,,,,,,,,,,,,,,,,
6,6.3,6.3.1,EN_WWT_GEN,Total wastewater generated (million m3/year),504,Morocco,ISIC4_B,ALLAREA,G,M_M3_PER_YR,NaN,,,,,,,,,,,,,,,,,,,,,,,,,,,,,,,,,,,,,,,,
6,6.3,6.3.1,EN_WWT_GEN,Total wastewater generated (million m3/year),504,Morocco,ISIC4_C,ALLAREA,G,M_M3_PER_YR,NaN,,,,,,,,,,,,,,,,,,,,,,,,,,,,,,,,,,,,,,,,
6,6.3,6.3.1,EN_WWT_GEN,Total wastewater generated (million m3/year),504,Morocco,ISIC4_D,ALLAREA,G,M_M3_PER_YR,NaN,,,,,,,,,,,,,,,,,,,,,,,,,,,,,,,,,,,,,,,,
6,6.3,6.3.1,EN_WWT_GEN,Total wastewater generated (million m3/year),504,Morocco,ISIC4_F,ALLAREA,G,M_M3_PER_YR,NaN,,,,,,,,,,,,,,,,,,,,,,,,,,,,,,,,,,,,,,,,
6,6.3,6.3.1,EN_WWT_GEN,Total wastewater generated (million m3/year),504,Morocco,PRIV_HH,ALLAREA,G,M_M3_PER_YR,552.41289,,,,,,,,,,,,,,,,,,,,,,,,,,,,,,,,,,,,,,,,
6,6.3,6.3.1,EN_WWT_GEN,Total wastewater generated (million m3/year),504,Morocco,SERV_HH,ALLAREA,G,M_M3_PER_YR,NaN,,,,,,,,,,,,,,,,,,,,,,,,,,,,,,,,,,,,,,,,
6,6.3,6.3.1,EN_WWT_GEN,Total wastewater generated (million m3/year),504,Morocco,SERVICES,ALLAREA,G,M_M3_PER_YR,NaN,,,,,,,,,,,,,,,,,,,,,,,,,,,,,,,,,,,,,,,,
6,6.3,6.3.1,EN_WWT_GEN,Total wastewater generated (million m3/year),504,Morocco,TOTAL,ALLAREA,G,M_M3_PER_YR,750.00202,,,,,,,,,,,,,,,,,,,,,,,,,,,,,,,,,,,,,,,,
6,6.3,6.3.1,EN_WWT_GEN,Total wastewater generated (million m3/year),504,Morocco,TOTAL,URBAN,G,M_M3_PER_YR,NaN,,,,,,,,,,,,,,,,,,,,,,,,,,,,,,,,,,,,,,,,
6,6.3,6.3.1,EN_WWT_GEN,Total wastewater generated (million m3/year),591,Panama,INDUSTRIES,ALLAREA,G,M_M3_PER_YR,5.16436,,,,,,,,,,,,,,,,,,,,,,,,,,,,,,,,,,,,,,,,
6,6.3,6.3.1,EN_WWT_GEN,Total wastewater generated (million m3/year),591,Panama,ISIC4_A,ALLAREA,G,M_M3_PER_YR,NaN,,,,,,,,,,,,,,,,,,,,,,,,,,,,,,,,,,,,,,,,
6,6.3,6.3.1,EN_WWT_GEN,Total wastewater generated (million m3/year),591,Panama,ISIC4_B,ALLAREA,G,M_M3_PER_YR,NaN,,,,,,,,,,,,,,,,,,,,,,,,,,,,,,,,,,,,,,,,
6,6.3,6.3.1,EN_WWT_GEN,Total wastewater generated (million m3/year),591,Panama,ISIC4_C,ALLAREA,G,M_M3_PER_YR,5.16436,,,,,,,,,,,,,,,,,,,,,,,,,,,,,,,,,,,,,,,,
6,6.3,6.3.1,EN_WWT_GEN,Total wastewater generated (million m3/year),591,Panama,ISIC4_D,ALLAREA,G,M_M3_PER_YR,NaN,,,,,,,,,,,,,,,,,,,,,,,,,,,,,,,,,,,,,,,,
6,6.3,6.3.1,EN_WWT_GEN,Total wastewater generated (million m3/year),591,Panama,ISIC4_F,ALLAREA,G,M_M3_PER_YR,NaN,,,,,,,,,,,,,,,,,,,,,,,,,,,,,,,,,,,,,,,,
6,6.3,6.3.1,EN_WWT_GEN,Total wastewater generated (million m3/year),591,Panama,PRIV_HH,ALLAREA,G,M_M3_PER_YR,238.2736,,,,,,,,,,,,,,,,,,,,,,,,,,,,,,,,,,,,,,,,
6,6.3,6.3.1,EN_WWT_GEN,Total wastewater generated (million m3/year),591,Panama,SERV_HH,ALLAREA,G,M_M3_PER_YR,NaN,,,,,,,,,,,,,,,,,,,,,,,,,,,,,,,,,,,,,,,,
6,6.3,6.3.1,EN_WWT_GEN,Total wastewater generated (million m3/year),591,Panama,SERVICES,ALLAREA,G,M_M3_PER_YR,79.95361,,,,,,,,,,,,,,,,,,,,,,,,,,,,,,,,,,,,,,,,
6,6.3,6.3.1,EN_WWT_GEN,Total wastewater generated (million m3/year),591,Panama,TOTAL,ALLAREA,G,M_M3_PER_YR,323.39158,,,,,,,,,,,,,,,,,,,,,,,,,,,,,,,,,,,,,,,,
6,6.3,6.3.1,EN_WWT_GEN,Total wastewater generated (million m3/year),591,Panama,TOTAL,URBAN,G,M_M3_PER_YR,NaN,,,,,,,,,,,,,,,,,,,,,,,,,,,,,,,,,,,,,,,,
6,6.3,6.3.1,EN_WWT_GEN,Total wastewater generated (million m3/year),604,Peru,INDUSTRIES,ALLAREA,G,M_M3_PER_YR,NaN,,,,,,,,,,,,,,,,,,,,,,,,,,,,,,,,,,,,,,,,
6,6.3,6.3.1,EN_WWT_GEN,Total wastewater generated (million m3/year),604,Peru,ISIC4_A,ALLAREA,G,M_M3_PER_YR,4.38,,,,,,,,,,,,,,,,,,,,,,,,,,,,,,,,,,,,,,,,
6,6.3,6.3.1,EN_WWT_GEN,Total wastewater generated (million m3/year),604,Peru,ISIC4_B,ALLAREA,G,M_M3_PER_YR,NaN,,,,,,,,,,,,,,,,,,,,,,,,,,,,,,,,,,,,,,,,
6,6.3,6.3.1,EN_WWT_GEN,Total wastewater generated (million m3/year),604,Peru,ISIC4_C,ALLAREA,G,M_M3_PER_YR,NaN,,,,,,,,,,,,,,,,,,,,,,,,,,,,,,,,,,,,,,,,
6,6.3,6.3.1,EN_WWT_GEN,Total wastewater generated (million m3/year),604,Peru,ISIC4_D,ALLAREA,G,M_M3_PER_YR,NaN,,,,,,,,,,,,,,,,,,,,,,,,,,,,,,,,,,,,,,,,
6,6.3,6.3.1,EN_WWT_GEN,Total wastewater generated (million m3/year),604,Peru,ISIC4_F,ALLAREA,G,M_M3_PER_YR,NaN,,,,,,,,,,,,,,,,,,,,,,,,,,,,,,,,,,,,,,,,
6,6.3,6.3.1,EN_WWT_GEN,Total wastewater generated (million m3/year),604,Peru,PRIV_HH,ALLAREA,G,M_M3_PER_YR,759.62141,,,,,,,,,,,,,,,,,,,,,,,,,,,,,,,,,,,,,,,,
6,6.3,6.3.1,EN_WWT_GEN,Total wastewater generated (million m3/year),604,Peru,SERV_HH,ALLAREA,G,M_M3_PER_YR,NaN,,,,,,,,,,,,,,,,,,,,,,,,,,,,,,,,,,,,,,,,
6,6.3,6.3.1,EN_WWT_GEN,Total wastewater generated (million m3/year),604,Peru,SERVICES,ALLAREA,G,M_M3_PER_YR,59.495,,,,,,,,,,,,,,,,,,,,,,,,,,,,,,,,,,,,,,,,
6,6.3,6.3.1,EN_WWT_GEN,Total wastewater generated (million m3/year),604,Peru,TOTAL,ALLAREA,G,M_M3_PER_YR,833.30284,,,,,,,,,,,,,,,,,,,,,,,,,,,,,,,,,,,,,,,,
6,6.3,6.3.1,EN_WWT_GEN,Total wastewater generated (million m3/year),604,Peru,TOTAL,URBAN,G,M_M3_PER_YR,NaN,,,,,,,,,,,,,,,,,,,,,,,,,,,,,,,,,,,,,,,,
6,6.3,6.3.1,EN_WWT_GEN,Total wastewater generated (million m3/year),616,Poland,INDUSTRIES,ALLAREA,G,M_M3_PER_YR,1070.4,,,,,,,,,,,,,,,,,,,,,,,,,,,,,,,,,,,,,,,,
6,6.3,6.3.1,EN_WWT_GEN,Total wastewater generated (million m3/year),616,Poland,ISIC4_A,ALLAREA,G,M_M3_PER_YR,NaN,,,,,,,,,,,,,,,,,,,,,,,,,,,,,,,,,,,,,,,,
6,6.3,6.3.1,EN_WWT_GEN,Total wastewater generated (million m3/year),616,Poland,ISIC4_B,ALLAREA,G,M_M3_PER_YR,310.7,,,,,,,,,,,,,,,,,,,,,,,,,,,,,,,,,,,,,,,,
6,6.3,6.3.1,EN_WWT_GEN,Total wastewater generated (million m3/year),616,Poland,ISIC4_C,ALLAREA,G,M_M3_PER_YR,408.9,,,,,,,,,,,,,,,,,,,,,,,,,,,,,,,,,,,,,,,,
6,6.3,6.3.1,EN_WWT_GEN,Total wastewater generated (million m3/year),616,Poland,ISIC4_D,ALLAREA,G,M_M3_PER_YR,54.3,,,,,,,,,,,,,,,,,,,,,,,,,,,,,,,,,,,,,,,,
6,6.3,6.3.1,EN_WWT_GEN,Total wastewater generated (million m3/year),616,Poland,ISIC4_F,ALLAREA,G,M_M3_PER_YR,0.1,,,,,,,,,,,,,,,,,,,,,,,,,,,,,,,,,,,,,,,,
6,6.3,6.3.1,EN_WWT_GEN,Total wastewater generated (million m3/year),616,Poland,PRIV_HH,ALLAREA,G,M_M3_PER_YR,925.1,,,,,,,,,,,,,,,,,,,,,,,,,,,,,,,,,,,,,,,,
6,6.3,6.3.1,EN_WWT_GEN,Total wastewater generated (million m3/year),616,Poland,SERV_HH,ALLAREA,G,M_M3_PER_YR,1030.4,,,,,,,,,,,,,,,,,,,,,,,,,,,,,,,,,,,,,,,,
6,6.3,6.3.1,EN_WWT_GEN,Total wastewater generated (million m3/year),616,Poland,SERVICES,ALLAREA,G,M_M3_PER_YR,105.3,,,,,,,,,,,,,,,,,,,,,,,,,,,,,,,,,,,,,,,,
6,6.3,6.3.1,EN_WWT_GEN,Total wastewater generated (million m3/year),616,Poland,TOTAL,ALLAREA,G,M_M3_PER_YR,2100.8,,,,,,,,,,,,,,,,,,,,,,,,,,,,,,,,,,,,,,,,
6,6.3,6.3.1,EN_WWT_GEN,Total wastewater generated (million m3/year),616,Poland,TOTAL,URBAN,G,M_M3_PER_YR,NaN,,,,,,,,,,,,,,,,,,,,,,,,,,,,,,,,,,,,,,,,
6,6.3,6.3.1,EN_WWT_GEN,Total wastewater generated (million m3/year),410,Republic of Korea,INDUSTRIES,ALLAREA,G,M_M3_PER_YR,1612.82,,,,,,,,,,,,,,,,,,,,,,,,,,,,,,,,,,,,,,,,
6,6.3,6.3.1,EN_WWT_GEN,Total wastewater generated (million m3/year),410,Republic of Korea,ISIC4_A,ALLAREA,G,M_M3_PER_YR,NaN,,,,,,,,,,,,,,,,,,,,,,,,,,,,,,,,,,,,,,,,
6,6.3,6.3.1,EN_WWT_GEN,Total wastewater generated (million m3/year),410,Republic of Korea,ISIC4_B,ALLAREA,G,M_M3_PER_YR,25.74,,,,,,,,,,,,,,,,,,,,,,,,,,,,,,,,,,,,,,,,
6,6.3,6.3.1,EN_WWT_GEN,Total wastewater generated (million m3/year),410,Republic of Korea,ISIC4_C,ALLAREA,G,M_M3_PER_YR,636.36,,,,,,,,,,,,,,,,,,,,,,,,,,,,,,,,,,,,,,,,
6,6.3,6.3.1,EN_WWT_GEN,Total wastewater generated (million m3/year),410,Republic of Korea,ISIC4_D,ALLAREA,G,M_M3_PER_YR,27.83,,,,,,,,,,,,,,,,,,,,,,,,,,,,,,,,,,,,,,,,
6,6.3,6.3.1,EN_WWT_GEN,Total wastewater generated (million m3/year),410,Republic of Korea,ISIC4_F,ALLAREA,G,M_M3_PER_YR,38.75,,,,,,,,,,,,,,,,,,,,,,,,,,,,,,,,,,,,,,,,
6,6.3,6.3.1,EN_WWT_GEN,Total wastewater generated (million m3/year),410,Republic of Korea,PRIV_HH,ALLAREA,G,M_M3_PER_YR,NaN,,,,,,,,,,,,,,,,,,,,,,,,,,,,,,,,,,,,,,,,
6,6.3,6.3.1,EN_WWT_GEN,Total wastewater generated (million m3/year),410,Republic of Korea,SERV_HH,ALLAREA,G,M_M3_PER_YR,NaN,,,,,,,,,,,,,,,,,,,,,,,,,,,,,,,,,,,,,,,,
6,6.3,6.3.1,EN_WWT_GEN,Total wastewater generated (million m3/year),410,Republic of Korea,SERVICES,ALLAREA,G,M_M3_PER_YR,NaN,,,,,,,,,,,,,,,,,,,,,,,,,,,,,,,,,,,,,,,,
6,6.3,6.3.1,EN_WWT_GEN,Total wastewater generated (million m3/year),410,Republic of Korea,TOTAL,ALLAREA,G,M_M3_PER_YR,1612.82,,,,,,,,,,,,,,,,,,,,,,,,,,,,,,,,,,,,,,,,
6,6.3,6.3.1,EN_WWT_GEN,Total wastewater generated (million m3/year),410,Republic of Korea,TOTAL,URBAN,G,M_M3_PER_YR,NaN,,,,,,,,,,,,,,,,,,,,,,,,,,,,,,,,,,,,,,,,
6,6.3,6.3.1,EN_WWT_GEN,Total wastewater generated (million m3/year),498,Republic of Moldova,INDUSTRIES,ALLAREA,G,M_M3_PER_YR,542.31702,,,,,,,,,,,,,,,,,,,,,,,,,,,,,,,,,,,,,,,,
6,6.3,6.3.1,EN_WWT_GEN,Total wastewater generated (million m3/year),498,Republic of Moldova,ISIC4_A,ALLAREA,G,M_M3_PER_YR,14.527,,,,,,,,,,,,,,,,,,,,,,,,,,,,,,,,,,,,,,,,
6,6.3,6.3.1,EN_WWT_GEN,Total wastewater generated (million m3/year),498,Republic of Moldova,ISIC4_B,ALLAREA,G,M_M3_PER_YR,2.336,,,,,,,,,,,,,,,,,,,,,,,,,,,,,,,,,,,,,,,,
6,6.3,6.3.1,EN_WWT_GEN,Total wastewater generated (million m3/year),498,Republic of Moldova,ISIC4_C,ALLAREA,G,M_M3_PER_YR,4.0515,,,,,,,,,,,,,,,,,,,,,,,,,,,,,,,,,,,,,,,,
6,6.3,6.3.1,EN_WWT_GEN,Total wastewater generated (million m3/year),498,Republic of Moldova,ISIC4_D,ALLAREA,G,M_M3_PER_YR,535.92952,,,,,,,,,,,,,,,,,,,,,,,,,,,,,,,,,,,,,,,,
6,6.3,6.3.1,EN_WWT_GEN,Total wastewater generated (million m3/year),498,Republic of Moldova,ISIC4_F,ALLAREA,G,M_M3_PER_YR,0,,,,,,,,,,,,,,,,,,,,,,,,,,,,,,,,,,,,,,,,
6,6.3,6.3.1,EN_WWT_GEN,Total wastewater generated (million m3/year),498,Republic of Moldova,PRIV_HH,ALLAREA,G,M_M3_PER_YR,NaN,,,,,,,,,,,,,,,,,,,,,,,,,,,,,,,,,,,,,,,,
6,6.3,6.3.1,EN_WWT_GEN,Total wastewater generated (million m3/year),498,Republic of Moldova,SERV_HH,ALLAREA,G,M_M3_PER_YR,NaN,,,,,,,,,,,,,,,,,,,,,,,,,,,,,,,,,,,,,,,,
6,6.3,6.3.1,EN_WWT_GEN,Total wastewater generated (million m3/year),498,Republic of Moldova,SERVICES,ALLAREA,G,M_M3_PER_YR,115.3765,,,,,,,,,,,,,,,,,,,,,,,,,,,,,,,,,,,,,,,,
6,6.3,6.3.1,EN_WWT_GEN,Total wastewater generated (million m3/year),498,Republic of Moldova,TOTAL,ALLAREA,G,M_M3_PER_YR,672.22048,,,,,,,,,,,,,,,,,,,,,,,,,,,,,,,,,,,,,,,,
6,6.3,6.3.1,EN_WWT_GEN,Total wastewater generated (million m3/year),498,Republic of Moldova,TOTAL,URBAN,G,M_M3_PER_YR,NaN,,,,,,,,,,,,,,,,,,,,,,,,,,,,,,,,,,,,,,,,
6,6.3,6.3.1,EN_WWT_GEN,Total wastewater generated (million m3/year),642,Romania,INDUSTRIES,ALLAREA,G,M_M3_PER_YR,1005.3,,,,,,,,,,,,,,,,,,,,,,,,,,,,,,,,,,,,,,,,
6,6.3,6.3.1,EN_WWT_GEN,Total wastewater generated (million m3/year),642,Romania,ISIC4_A,ALLAREA,G,M_M3_PER_YR,1.8,,,,,,,,,,,,,,,,,,,,,,,,,,,,,,,,,,,,,,,,
6,6.3,6.3.1,EN_WWT_GEN,Total wastewater generated (million m3/year),642,Romania,ISIC4_B,ALLAREA,G,M_M3_PER_YR,51.6,,,,,,,,,,,,,,,,,,,,,,,,,,,,,,,,,,,,,,,,
6,6.3,6.3.1,EN_WWT_GEN,Total wastewater generated (million m3/year),642,Romania,ISIC4_C,ALLAREA,G,M_M3_PER_YR,NaN,,,,,,,,,,,,,,,,,,,,,,,,,,,,,,,,,,,,,,,,
6,6.3,6.3.1,EN_WWT_GEN,Total wastewater generated (million m3/year),642,Romania,ISIC4_D,ALLAREA,G,M_M3_PER_YR,551.6,,,,,,,,,,,,,,,,,,,,,,,,,,,,,,,,,,,,,,,,
6,6.3,6.3.1,EN_WWT_GEN,Total wastewater generated (million m3/year),642,Romania,ISIC4_F,ALLAREA,G,M_M3_PER_YR,7.4,,,,,,,,,,,,,,,,,,,,,,,,,,,,,,,,,,,,,,,,
6,6.3,6.3.1,EN_WWT_GEN,Total wastewater generated (million m3/year),642,Romania,PRIV_HH,ALLAREA,G,M_M3_PER_YR,504.4,,,,,,,,,,,,,,,,,,,,,,,,,,,,,,,,,,,,,,,,
6,6.3,6.3.1,EN_WWT_GEN,Total wastewater generated (million m3/year),642,Romania,SERV_HH,ALLAREA,G,M_M3_PER_YR,937.5,,,,,,,,,,,,,,,,,,,,,,,,,,,,,,,,,,,,,,,,
6,6.3,6.3.1,EN_WWT_GEN,Total wastewater generated (million m3/year),642,Romania,SERVICES,ALLAREA,G,M_M3_PER_YR,433.1,,,,,,,,,,,,,,,,,,,,,,,,,,,,,,,,,,,,,,,,
6,6.3,6.3.1,EN_WWT_GEN,Total wastewater generated (million m3/year),642,Romania,TOTAL,ALLAREA,G,M_M3_PER_YR,1944.6,,,,,,,,,,,,,,,,,,,,,,,,,,,,,,,,,,,,,,,,
6,6.3,6.3.1,EN_WWT_GEN,Total wastewater generated (million m3/year),642,Romania,TOTAL,URBAN,G,M_M3_PER_YR,NaN,,,,,,,,,,,,,,,,,,,,,,,,,,,,,,,,,,,,,,,,
6,6.3,6.3.1,EN_WWT_GEN,Total wastewater generated (million m3/year),682,Saudi Arabia,INDUSTRIES,ALLAREA,G,M_M3_PER_YR,NaN,,,,,,,,,,,,,,,,,,,,,,,,,,,,,,,,,,,,,,,,
6,6.3,6.3.1,EN_WWT_GEN,Total wastewater generated (million m3/year),682,Saudi Arabia,ISIC4_A,ALLAREA,G,M_M3_PER_YR,NaN,,,,,,,,,,,,,,,,,,,,,,,,,,,,,,,,,,,,,,,,
6,6.3,6.3.1,EN_WWT_GEN,Total wastewater generated (million m3/year),682,Saudi Arabia,ISIC4_B,ALLAREA,G,M_M3_PER_YR,NaN,,,,,,,,,,,,,,,,,,,,,,,,,,,,,,,,,,,,,,,,
6,6.3,6.3.1,EN_WWT_GEN,Total wastewater generated (million m3/year),682,Saudi Arabia,ISIC4_C,ALLAREA,G,M_M3_PER_YR,NaN,,,,,,,,,,,,,,,,,,,,,,,,,,,,,,,,,,,,,,,,
6,6.3,6.3.1,EN_WWT_GEN,Total wastewater generated (million m3/year),682,Saudi Arabia,ISIC4_D,ALLAREA,G,M_M3_PER_YR,NaN,,,,,,,,,,,,,,,,,,,,,,,,,,,,,,,,,,,,,,,,
6,6.3,6.3.1,EN_WWT_GEN,Total wastewater generated (million m3/year),682,Saudi Arabia,ISIC4_F,ALLAREA,G,M_M3_PER_YR,NaN,,,,,,,,,,,,,,,,,,,,,,,,,,,,,,,,,,,,,,,,
6,6.3,6.3.1,EN_WWT_GEN,Total wastewater generated (million m3/year),682,Saudi Arabia,PRIV_HH,ALLAREA,G,M_M3_PER_YR,NaN,,,,,,,,,,,,,,,,,,,,,,,,,,,,,,,,,,,,,,,,
6,6.3,6.3.1,EN_WWT_GEN,Total wastewater generated (million m3/year),682,Saudi Arabia,SERV_HH,ALLAREA,G,M_M3_PER_YR,NaN,,,,,,,,,,,,,,,,,,,,,,,,,,,,,,,,,,,,,,,,
6,6.3,6.3.1,EN_WWT_GEN,Total wastewater generated (million m3/year),682,Saudi Arabia,SERVICES,ALLAREA,G,M_M3_PER_YR,NaN,,,,,,,,,,,,,,,,,,,,,,,,,,,,,,,,,,,,,,,,
6,6.3,6.3.1,EN_WWT_GEN,Total wastewater generated (million m3/year),682,Saudi Arabia,TOTAL,ALLAREA,G,M_M3_PER_YR,2444.77,,,,,,,,,,,,,,,,,,,,,,,,,,,,,,,,,,,,,,,,
6,6.3,6.3.1,EN_WWT_GEN,Total wastewater generated (million m3/year),682,Saudi Arabia,TOTAL,URBAN,G,M_M3_PER_YR,NaN,,,,,,,,,,,,,,,,,,,,,,,,,,,,,,,,,,,,,,,,
6,6.3,6.3.1,EN_WWT_GEN,Total wastewater generated (million m3/year),686,Senegal,INDUSTRIES,ALLAREA,G,M_M3_PER_YR,NaN,,,,,,,,,,,,,,,,,,,,,,,,,,,,,,,,,,,,,,,,
6,6.3,6.3.1,EN_WWT_GEN,Total wastewater generated (million m3/year),686,Senegal,ISIC4_A,ALLAREA,G,M_M3_PER_YR,NaN,,,,,,,,,,,,,,,,,,,,,,,,,,,,,,,,,,,,,,,,
6,6.3,6.3.1,EN_WWT_GEN,Total wastewater generated (million m3/year),686,Senegal,ISIC4_B,ALLAREA,G,M_M3_PER_YR,NaN,,,,,,,,,,,,,,,,,,,,,,,,,,,,,,,,,,,,,,,,
6,6.3,6.3.1,EN_WWT_GEN,Total wastewater generated (million m3/year),686,Senegal,ISIC4_C,ALLAREA,G,M_M3_PER_YR,NaN,,,,,,,,,,,,,,,,,,,,,,,,,,,,,,,,,,,,,,,,
6,6.3,6.3.1,EN_WWT_GEN,Total wastewater generated (million m3/year),686,Senegal,ISIC4_D,ALLAREA,G,M_M3_PER_YR,NaN,,,,,,,,,,,,,,,,,,,,,,,,,,,,,,,,,,,,,,,,
6,6.3,6.3.1,EN_WWT_GEN,Total wastewater generated (million m3/year),686,Senegal,ISIC4_F,ALLAREA,G,M_M3_PER_YR,NaN,,,,,,,,,,,,,,,,,,,,,,,,,,,,,,,,,,,,,,,,
6,6.3,6.3.1,EN_WWT_GEN,Total wastewater generated (million m3/year),686,Senegal,PRIV_HH,ALLAREA,G,M_M3_PER_YR,23.71697,,,,,,,,,,,,,,,,,,,,,,,,,,,,,,,,,,,,,,,,
6,6.3,6.3.1,EN_WWT_GEN,Total wastewater generated (million m3/year),686,Senegal,SERV_HH,ALLAREA,G,M_M3_PER_YR,NaN,,,,,,,,,,,,,,,,,,,,,,,,,,,,,,,,,,,,,,,,
6,6.3,6.3.1,EN_WWT_GEN,Total wastewater generated (million m3/year),686,Senegal,SERVICES,ALLAREA,G,M_M3_PER_YR,NaN,,,,,,,,,,,,,,,,,,,,,,,,,,,,,,,,,,,,,,,,
6,6.3,6.3.1,EN_WWT_GEN,Total wastewater generated (million m3/year),686,Senegal,TOTAL,ALLAREA,G,M_M3_PER_YR,23.71697,,,,,,,,,,,,,,,,,,,,,,,,,,,,,,,,,,,,,,,,
6,6.3,6.3.1,EN_WWT_GEN,Total wastewater generated (million m3/year),686,Senegal,TOTAL,URBAN,G,M_M3_PER_YR,NaN,,,,,,,,,,,,,,,,,,,,,,,,,,,,,,,,,,,,,,,,
6,6.3,6.3.1,EN_WWT_GEN,Total wastewater generated (million m3/year),688,Serbia,INDUSTRIES,ALLAREA,G,M_M3_PER_YR,90,,,,,,,,,,,,,,,,,,,,,,,,,,,,,,,,,,,,,,,,
6,6.3,6.3.1,EN_WWT_GEN,Total wastewater generated (million m3/year),688,Serbia,ISIC4_A,ALLAREA,G,M_M3_PER_YR,605.9,,,,,,,,,,,,,,,,,,,,,,,,,,,,,,,,,,,,,,,,
6,6.3,6.3.1,EN_WWT_GEN,Total wastewater generated (million m3/year),688,Serbia,ISIC4_B,ALLAREA,G,M_M3_PER_YR,3.9,,,,,,,,,,,,,,,,,,,,,,,,,,,,,,,,,,,,,,,,
6,6.3,6.3.1,EN_WWT_GEN,Total wastewater generated (million m3/year),688,Serbia,ISIC4_C,ALLAREA,G,M_M3_PER_YR,54.6,,,,,,,,,,,,,,,,,,,,,,,,,,,,,,,,,,,,,,,,
6,6.3,6.3.1,EN_WWT_GEN,Total wastewater generated (million m3/year),688,Serbia,ISIC4_D,ALLAREA,G,M_M3_PER_YR,29.8,,,,,,,,,,,,,,,,,,,,,,,,,,,,,,,,,,,,,,,,
6,6.3,6.3.1,EN_WWT_GEN,Total wastewater generated (million m3/year),688,Serbia,ISIC4_F,ALLAREA,G,M_M3_PER_YR,0.8,,,,,,,,,,,,,,,,,,,,,,,,,,,,,,,,,,,,,,,,
6,6.3,6.3.1,EN_WWT_GEN,Total wastewater generated (million m3/year),688,Serbia,PRIV_HH,ALLAREA,G,M_M3_PER_YR,304.9,,,,,,,,,,,,,,,,,,,,,,,,,,,,,,,,,,,,,,,,
6,6.3,6.3.1,EN_WWT_GEN,Total wastewater generated (million m3/year),688,Serbia,SERV_HH,ALLAREA,G,M_M3_PER_YR,401.3,,,,,,,,,,,,,,,,,,,,,,,,,,,,,,,,,,,,,,,,
6,6.3,6.3.1,EN_WWT_GEN,Total wastewater generated (million m3/year),688,Serbia,SERVICES,ALLAREA,G,M_M3_PER_YR,96.4,,,,,,,,,,,,,,,,,,,,,,,,,,,,,,,,,,,,,,,,
6,6.3,6.3.1,EN_WWT_GEN,Total wastewater generated (million m3/year),688,Serbia,TOTAL,ALLAREA,G,M_M3_PER_YR,1097.2,,,,,,,,,,,,,,,,,,,,,,,,,,,,,,,,,,,,,,,,
6,6.3,6.3.1,EN_WWT_GEN,Total wastewater generated (million m3/year),688,Serbia,TOTAL,URBAN,G,M_M3_PER_YR,NaN,,,,,,,,,,,,,,,,,,,,,,,,,,,,,,,,,,,,,,,,
6,6.3,6.3.1,EN_WWT_GEN,Total wastewater generated (million m3/year),703,Slovakia,INDUSTRIES,ALLAREA,G,M_M3_PER_YR,178.779,,,,,,,,,,,,,,,,,,,,,,,,,,,,,,,,,,,,,,,,
6,6.3,6.3.1,EN_WWT_GEN,Total wastewater generated (million m3/year),703,Slovakia,ISIC4_A,ALLAREA,G,M_M3_PER_YR,0.1,,,,,,,,,,,,,,,,,,,,,,,,,,,,,,,,,,,,,,,,
6,6.3,6.3.1,EN_WWT_GEN,Total wastewater generated (million m3/year),703,Slovakia,ISIC4_B,ALLAREA,G,M_M3_PER_YR,22.4,,,,,,,,,,,,,,,,,,,,,,,,,,,,,,,,,,,,,,,,
6,6.3,6.3.1,EN_WWT_GEN,Total wastewater generated (million m3/year),703,Slovakia,ISIC4_C,ALLAREA,G,M_M3_PER_YR,148.1,,,,,,,,,,,,,,,,,,,,,,,,,,,,,,,,,,,,,,,,
6,6.3,6.3.1,EN_WWT_GEN,Total wastewater generated (million m3/year),703,Slovakia,ISIC4_D,ALLAREA,G,M_M3_PER_YR,4.6,,,,,,,,,,,,,,,,,,,,,,,,,,,,,,,,,,,,,,,,
6,6.3,6.3.1,EN_WWT_GEN,Total wastewater generated (million m3/year),703,Slovakia,ISIC4_F,ALLAREA,G,M_M3_PER_YR,0,,,,,,,,,,,,,,,,,,,,,,,,,,,,,,,,,,,,,,,,
6,6.3,6.3.1,EN_WWT_GEN,Total wastewater generated (million m3/year),703,Slovakia,PRIV_HH,ALLAREA,G,M_M3_PER_YR,360.5,,,,,,,,,,,,,,,,,,,,,,,,,,,,,,,,,,,,,,,,
6,6.3,6.3.1,EN_WWT_GEN,Total wastewater generated (million m3/year),703,Slovakia,SERV_HH,ALLAREA,G,M_M3_PER_YR,368.9,,,,,,,,,,,,,,,,,,,,,,,,,,,,,,,,,,,,,,,,
6,6.3,6.3.1,EN_WWT_GEN,Total wastewater generated (million m3/year),703,Slovakia,SERVICES,ALLAREA,G,M_M3_PER_YR,8.4,,,,,,,,,,,,,,,,,,,,,,,,,,,,,,,,,,,,,,,,
6,6.3,6.3.1,EN_WWT_GEN,Total wastewater generated (million m3/year),703,Slovakia,TOTAL,ALLAREA,G,M_M3_PER_YR,547.779,,,,,,,,,,,,,,,,,,,,,,,,,,,,,,,,,,,,,,,,
6,6.3,6.3.1,EN_WWT_GEN,Total wastewater generated (million m3/year),703,Slovakia,TOTAL,URBAN,G,M_M3_PER_YR,NaN,,,,,,,,,,,,,,,,,,,,,,,,,,,,,,,,,,,,,,,,
6,6.3,6.3.1,EN_WWT_GEN,Total wastewater generated (million m3/year),705,Slovenia,INDUSTRIES,ALLAREA,G,M_M3_PER_YR,44.1,,,,,,,,,,,,,,,,,,,,,,,,,,,,,,,,,,,,,,,,
6,6.3,6.3.1,EN_WWT_GEN,Total wastewater generated (million m3/year),705,Slovenia,ISIC4_A,ALLAREA,G,M_M3_PER_YR,0.1,,,,,,,,,,,,,,,,,,,,,,,,,,,,,,,,,,,,,,,,
6,6.3,6.3.1,EN_WWT_GEN,Total wastewater generated (million m3/year),705,Slovenia,ISIC4_B,ALLAREA,G,M_M3_PER_YR,1.1,,,,,,,,,,,,,,,,,,,,,,,,,,,,,,,,,,,,,,,,
6,6.3,6.3.1,EN_WWT_GEN,Total wastewater generated (million m3/year),705,Slovenia,ISIC4_C,ALLAREA,G,M_M3_PER_YR,40.6,,,,,,,,,,,,,,,,,,,,,,,,,,,,,,,,,,,,,,,,
6,6.3,6.3.1,EN_WWT_GEN,Total wastewater generated (million m3/year),705,Slovenia,ISIC4_D,ALLAREA,G,M_M3_PER_YR,0,,,,,,,,,,,,,,,,,,,,,,,,,,,,,,,,,,,,,,,,
6,6.3,6.3.1,EN_WWT_GEN,Total wastewater generated (million m3/year),705,Slovenia,ISIC4_F,ALLAREA,G,M_M3_PER_YR,0.1,,,,,,,,,,,,,,,,,,,,,,,,,,,,,,,,,,,,,,,,
6,6.3,6.3.1,EN_WWT_GEN,Total wastewater generated (million m3/year),705,Slovenia,PRIV_HH,ALLAREA,G,M_M3_PER_YR,63.6,,,,,,,,,,,,,,,,,,,,,,,,,,,,,,,,,,,,,,,,
6,6.3,6.3.1,EN_WWT_GEN,Total wastewater generated (million m3/year),705,Slovenia,SERV_HH,ALLAREA,G,M_M3_PER_YR,71.1,,,,,,,,,,,,,,,,,,,,,,,,,,,,,,,,,,,,,,,,
6,6.3,6.3.1,EN_WWT_GEN,Total wastewater generated (million m3/year),705,Slovenia,SERVICES,ALLAREA,G,M_M3_PER_YR,7.5,,,,,,,,,,,,,,,,,,,,,,,,,,,,,,,,,,,,,,,,
6,6.3,6.3.1,EN_WWT_GEN,Total wastewater generated (million m3/year),705,Slovenia,TOTAL,ALLAREA,G,M_M3_PER_YR,115.3,,,,,,,,,,,,,,,,,,,,,,,,,,,,,,,,,,,,,,,,
6,6.3,6.3.1,EN_WWT_GEN,Total wastewater generated (million m3/year),705,Slovenia,TOTAL,URBAN,G,M_M3_PER_YR,NaN,,,,,,,,,,,,,,,,,,,,,,,,,,,,,,,,,,,,,,,,
6,6.3,6.3.1,EN_WWT_GEN,Total wastewater generated (million m3/year),724,Spain,INDUSTRIES,ALLAREA,G,M_M3_PER_YR,600.202,,,,,,,,,,,,,,,,,,,,,,,,,,,,,,,,,,,,,,,,
6,6.3,6.3.1,EN_WWT_GEN,Total wastewater generated (million m3/year),724,Spain,ISIC4_A,ALLAREA,G,M_M3_PER_YR,38.5,,,,,,,,,,,,,,,,,,,,,,,,,,,,,,,,,,,,,,,,
6,6.3,6.3.1,EN_WWT_GEN,Total wastewater generated (million m3/year),724,Spain,ISIC4_B,ALLAREA,G,M_M3_PER_YR,28.4,,,,,,,,,,,,,,,,,,,,,,,,,,,,,,,,,,,,,,,,
6,6.3,6.3.1,EN_WWT_GEN,Total wastewater generated (million m3/year),724,Spain,ISIC4_C,ALLAREA,G,M_M3_PER_YR,571.802,,,,,,,,,,,,,,,,,,,,,,,,,,,,,,,,,,,,,,,,
6,6.3,6.3.1,EN_WWT_GEN,Total wastewater generated (million m3/year),724,Spain,ISIC4_D,ALLAREA,G,M_M3_PER_YR,NaN,,,,,,,,,,,,,,,,,,,,,,,,,,,,,,,,,,,,,,,,
6,6.3,6.3.1,EN_WWT_GEN,Total wastewater generated (million m3/year),724,Spain,ISIC4_F,ALLAREA,G,M_M3_PER_YR,0,,,,,,,,,,,,,,,,,,,,,,,,,,,,,,,,,,,,,,,,
6,6.3,6.3.1,EN_WWT_GEN,Total wastewater generated (million m3/year),724,Spain,PRIV_HH,ALLAREA,G,M_M3_PER_YR,2410,,,,,,,,,,,,,,,,,,,,,,,,,,,,,,,,,,,,,,,,
6,6.3,6.3.1,EN_WWT_GEN,Total wastewater generated (million m3/year),724,Spain,SERV_HH,ALLAREA,G,M_M3_PER_YR,2818,,,,,,,,,,,,,,,,,,,,,,,,,,,,,,,,,,,,,,,,
6,6.3,6.3.1,EN_WWT_GEN,Total wastewater generated (million m3/year),724,Spain,SERVICES,ALLAREA,G,M_M3_PER_YR,408,,,,,,,,,,,,,,,,,,,,,,,,,,,,,,,,,,,,,,,,
6,6.3,6.3.1,EN_WWT_GEN,Total wastewater generated (million m3/year),724,Spain,TOTAL,ALLAREA,G,M_M3_PER_YR,3456.702,,,,,,,,,,,,,,,,,,,,,,,,,,,,,,,,,,,,,,,,
6,6.3,6.3.1,EN_WWT_GEN,Total wastewater generated (million m3/year),724,Spain,TOTAL,URBAN,G,M_M3_PER_YR,NaN,,,,,,,,,,,,,,,,,,,,,,,,,,,,,,,,,,,,,,,,
6,6.3,6.3.1,EN_WWT_GEN,Total wastewater generated (million m3/year),752,Sweden,INDUSTRIES,ALLAREA,G,M_M3_PER_YR,1159,,,,,,,,,,,,,,,,,,,,,,,,,,,,,,,,,,,,,,,,
6,6.3,6.3.1,EN_WWT_GEN,Total wastewater generated (million m3/year),752,Sweden,ISIC4_A,ALLAREA,G,M_M3_PER_YR,NaN,,,,,,,,,,,,,,,,,,,,,,,,,,,,,,,,,,,,,,,,
6,6.3,6.3.1,EN_WWT_GEN,Total wastewater generated (million m3/year),752,Sweden,ISIC4_B,ALLAREA,G,M_M3_PER_YR,51,,,,,,,,,,,,,,,,,,,,,,,,,,,,,,,,,,,,,,,,
6,6.3,6.3.1,EN_WWT_GEN,Total wastewater generated (million m3/year),752,Sweden,ISIC4_C,ALLAREA,G,M_M3_PER_YR,1047,,,,,,,,,,,,,,,,,,,,,,,,,,,,,,,,,,,,,,,,
6,6.3,6.3.1,EN_WWT_GEN,Total wastewater generated (million m3/year),752,Sweden,ISIC4_D,ALLAREA,G,M_M3_PER_YR,10,,,,,,,,,,,,,,,,,,,,,,,,,,,,,,,,,,,,,,,,
6,6.3,6.3.1,EN_WWT_GEN,Total wastewater generated (million m3/year),752,Sweden,ISIC4_F,ALLAREA,G,M_M3_PER_YR,NaN,,,,,,,,,,,,,,,,,,,,,,,,,,,,,,,,,,,,,,,,
6,6.3,6.3.1,EN_WWT_GEN,Total wastewater generated (million m3/year),752,Sweden,PRIV_HH,ALLAREA,G,M_M3_PER_YR,NaN,,,,,,,,,,,,,,,,,,,,,,,,,,,,,,,,,,,,,,,,
6,6.3,6.3.1,EN_WWT_GEN,Total wastewater generated (million m3/year),752,Sweden,SERV_HH,ALLAREA,G,M_M3_PER_YR,NaN,,,,,,,,,,,,,,,,,,,,,,,,,,,,,,,,,,,,,,,,
6,6.3,6.3.1,EN_WWT_GEN,Total wastewater generated (million m3/year),752,Sweden,SERVICES,ALLAREA,G,M_M3_PER_YR,140,,,,,,,,,,,,,,,,,,,,,,,,,,,,,,,,,,,,,,,,
6,6.3,6.3.1,EN_WWT_GEN,Total wastewater generated (million m3/year),752,Sweden,TOTAL,ALLAREA,G,M_M3_PER_YR,1299,,,,,,,,,,,,,,,,,,,,,,,,,,,,,,,,,,,,,,,,
6,6.3,6.3.1,EN_WWT_GEN,Total wastewater generated (million m3/year),752,Sweden,TOTAL,URBAN,G,M_M3_PER_YR,NaN,,,,,,,,,,,,,,,,,,,,,,,,,,,,,,,,,,,,,,,,
6,6.3,6.3.1,EN_WWT_GEN,Total wastewater generated (million m3/year),764,Thailand,INDUSTRIES,ALLAREA,G,M_M3_PER_YR,6497,,,,,,,,,,,,,,,,,,,,,,,,,,,,,,,,,,,,,,,,
6,6.3,6.3.1,EN_WWT_GEN,Total wastewater generated (million m3/year),764,Thailand,ISIC4_A,ALLAREA,G,M_M3_PER_YR,1423.5,,,,,,,,,,,,,,,,,,,,,,,,,,,,,,,,,,,,,,,,
6,6.3,6.3.1,EN_WWT_GEN,Total wastewater generated (million m3/year),764,Thailand,ISIC4_B,ALLAREA,G,M_M3_PER_YR,NaN,,,,,,,,,,,,,,,,,,,,,,,,,,,,,,,,,,,,,,,,
6,6.3,6.3.1,EN_WWT_GEN,Total wastewater generated (million m3/year),764,Thailand,ISIC4_C,ALLAREA,G,M_M3_PER_YR,6497,,,,,,,,,,,,,,,,,,,,,,,,,,,,,,,,,,,,,,,,
6,6.3,6.3.1,EN_WWT_GEN,Total wastewater generated (million m3/year),764,Thailand,ISIC4_D,ALLAREA,G,M_M3_PER_YR,NaN,,,,,,,,,,,,,,,,,,,,,,,,,,,,,,,,,,,,,,,,
6,6.3,6.3.1,EN_WWT_GEN,Total wastewater generated (million m3/year),764,Thailand,ISIC4_F,ALLAREA,G,M_M3_PER_YR,NaN,,,,,,,,,,,,,,,,,,,,,,,,,,,,,,,,,,,,,,,,
6,6.3,6.3.1,EN_WWT_GEN,Total wastewater generated (million m3/year),764,Thailand,PRIV_HH,ALLAREA,G,M_M3_PER_YR,3598.66795,,,,,,,,,,,,,,,,,,,,,,,,,,,,,,,,,,,,,,,,
6,6.3,6.3.1,EN_WWT_GEN,Total wastewater generated (million m3/year),764,Thailand,SERV_HH,ALLAREA,G,M_M3_PER_YR,NaN,,,,,,,,,,,,,,,,,,,,,,,,,,,,,,,,,,,,,,,,
6,6.3,6.3.1,EN_WWT_GEN,Total wastewater generated (million m3/year),764,Thailand,SERVICES,ALLAREA,G,M_M3_PER_YR,NaN,,,,,,,,,,,,,,,,,,,,,,,,,,,,,,,,,,,,,,,,
6,6.3,6.3.1,EN_WWT_GEN,Total wastewater generated (million m3/year),764,Thailand,TOTAL,ALLAREA,G,M_M3_PER_YR,11519.16795,,,,,,,,,,,,,,,,,,,,,,,,,,,,,,,,,,,,,,,,
6,6.3,6.3.1,EN_WWT_GEN,Total wastewater generated (million m3/year),764,Thailand,TOTAL,URBAN,G,M_M3_PER_YR,NaN,,,,,,,,,,,,,,,,,,,,,,,,,,,,,,,,,,,,,,,,
6,6.3,6.3.1,EN_WWT_GEN,Total wastewater generated (million m3/year),788,Tunisia,INDUSTRIES,ALLAREA,G,M_M3_PER_YR,NaN,,,,,,,,,,,,,,,,,,,,,,,,,,,,,,,,,,,,,,,,
6,6.3,6.3.1,EN_WWT_GEN,Total wastewater generated (million m3/year),788,Tunisia,ISIC4_A,ALLAREA,G,M_M3_PER_YR,NaN,,,,,,,,,,,,,,,,,,,,,,,,,,,,,,,,,,,,,,,,
6,6.3,6.3.1,EN_WWT_GEN,Total wastewater generated (million m3/year),788,Tunisia,ISIC4_B,ALLAREA,G,M_M3_PER_YR,NaN,,,,,,,,,,,,,,,,,,,,,,,,,,,,,,,,,,,,,,,,
6,6.3,6.3.1,EN_WWT_GEN,Total wastewater generated (million m3/year),788,Tunisia,ISIC4_C,ALLAREA,G,M_M3_PER_YR,NaN,,,,,,,,,,,,,,,,,,,,,,,,,,,,,,,,,,,,,,,,
6,6.3,6.3.1,EN_WWT_GEN,Total wastewater generated (million m3/year),788,Tunisia,ISIC4_D,ALLAREA,G,M_M3_PER_YR,NaN,,,,,,,,,,,,,,,,,,,,,,,,,,,,,,,,,,,,,,,,
6,6.3,6.3.1,EN_WWT_GEN,Total wastewater generated (million m3/year),788,Tunisia,ISIC4_F,ALLAREA,G,M_M3_PER_YR,NaN,,,,,,,,,,,,,,,,,,,,,,,,,,,,,,,,,,,,,,,,
6,6.3,6.3.1,EN_WWT_GEN,Total wastewater generated (million m3/year),788,Tunisia,PRIV_HH,ALLAREA,G,M_M3_PER_YR,174.397,,,,,,,,,,,,,,,,,,,,,,,,,,,,,,,,,,,,,,,,
6,6.3,6.3.1,EN_WWT_GEN,Total wastewater generated (million m3/year),788,Tunisia,SERV_HH,ALLAREA,G,M_M3_PER_YR,NaN,,,,,,,,,,,,,,,,,,,,,,,,,,,,,,,,,,,,,,,,
6,6.3,6.3.1,EN_WWT_GEN,Total wastewater generated (million m3/year),788,Tunisia,SERVICES,ALLAREA,G,M_M3_PER_YR,NaN,,,,,,,,,,,,,,,,,,,,,,,,,,,,,,,,,,,,,,,,
6,6.3,6.3.1,EN_WWT_GEN,Total wastewater generated (million m3/year),788,Tunisia,TOTAL,ALLAREA,G,M_M3_PER_YR,174.397,,,,,,,,,,,,,,,,,,,,,,,,,,,,,,,,,,,,,,,,
6,6.3,6.3.1,EN_WWT_GEN,Total wastewater generated (million m3/year),788,Tunisia,TOTAL,URBAN,G,M_M3_PER_YR,NaN,,,,,,,,,,,,,,,,,,,,,,,,,,,,,,,,,,,,,,,,
6,6.3,6.3.1,EN_WWT_GEN,Total wastewater generated (million m3/year),792,Türkiye,INDUSTRIES,ALLAREA,G,M_M3_PER_YR,NaN,,,,,,,,,,,,,,,,,,,,,,,,,,,,,,,,,,,,,,,,
6,6.3,6.3.1,EN_WWT_GEN,Total wastewater generated (million m3/year),792,Türkiye,ISIC4_A,ALLAREA,G,M_M3_PER_YR,NaN,,,,,,,,,,,,,,,,,,,,,,,,,,,,,,,,,,,,,,,,
6,6.3,6.3.1,EN_WWT_GEN,Total wastewater generated (million m3/year),792,Türkiye,ISIC4_B,ALLAREA,G,M_M3_PER_YR,NaN,,,,,,,,,,,,,,,,,,,,,,,,,,,,,,,,,,,,,,,,
6,6.3,6.3.1,EN_WWT_GEN,Total wastewater generated (million m3/year),792,Türkiye,ISIC4_C,ALLAREA,G,M_M3_PER_YR,NaN,,,,,,,,,,,,,,,,,,,,,,,,,,,,,,,,,,,,,,,,
6,6.3,6.3.1,EN_WWT_GEN,Total wastewater generated (million m3/year),792,Türkiye,ISIC4_D,ALLAREA,G,M_M3_PER_YR,NaN,,,,,,,,,,,,,,,,,,,,,,,,,,,,,,,,,,,,,,,,
6,6.3,6.3.1,EN_WWT_GEN,Total wastewater generated (million m3/year),792,Türkiye,ISIC4_F,ALLAREA,G,M_M3_PER_YR,NaN,,,,,,,,,,,,,,,,,,,,,,,,,,,,,,,,,,,,,,,,
6,6.3,6.3.1,EN_WWT_GEN,Total wastewater generated (million m3/year),792,Türkiye,PRIV_HH,ALLAREA,G,M_M3_PER_YR,NaN,,,,,,,,,,,,,,,,,,,,,,,,,,,,,,,,,,,,,,,,
6,6.3,6.3.1,EN_WWT_GEN,Total wastewater generated (million m3/year),792,Türkiye,SERV_HH,ALLAREA,G,M_M3_PER_YR,4534.024,,,,,,,,,,,,,,,,,,,,,,,,,,,,,,,,,,,,,,,,
6,6.3,6.3.1,EN_WWT_GEN,Total wastewater generated (million m3/year),792,Türkiye,SERVICES,ALLAREA,G,M_M3_PER_YR,NaN,,,,,,,,,,,,,,,,,,,,,,,,,,,,,,,,,,,,,,,,
6,6.3,6.3.1,EN_WWT_GEN,Total wastewater generated (million m3/year),792,Türkiye,TOTAL,ALLAREA,G,M_M3_PER_YR,4534.024,,,,,,,,,,,,,,,,,,,,,,,,,,,,,,,,,,,,,,,,
6,6.3,6.3.1,EN_WWT_GEN,Total wastewater generated (million m3/year),792,Türkiye,TOTAL,URBAN,G,M_M3_PER_YR,NaN,,,,,,,,,,,,,,,,,,,,,,,,,,,,,,,,,,,,,,,,
6,6.3,6.3.1,EN_WWT_GEN,Total wastewater generated (million m3/year),804,Ukraine,INDUSTRIES,ALLAREA,G,M_M3_PER_YR,3324.87689,,,,,,,,,,,,,,,,,,,,,,,,,,,,,,,,,,,,,,,,
6,6.3,6.3.1,EN_WWT_GEN,Total wastewater generated (million m3/year),804,Ukraine,ISIC4_A,ALLAREA,G,M_M3_PER_YR,361.39999,,,,,,,,,,,,,,,,,,,,,,,,,,,,,,,,,,,,,,,,
6,6.3,6.3.1,EN_WWT_GEN,Total wastewater generated (million m3/year),804,Ukraine,ISIC4_B,ALLAREA,G,M_M3_PER_YR,968.99997,,,,,,,,,,,,,,,,,,,,,,,,,,,,,,,,,,,,,,,,
6,6.3,6.3.1,EN_WWT_GEN,Total wastewater generated (million m3/year),804,Ukraine,ISIC4_C,ALLAREA,G,M_M3_PER_YR,151.6,,,,,,,,,,,,,,,,,,,,,,,,,,,,,,,,,,,,,,,,
6,6.3,6.3.1,EN_WWT_GEN,Total wastewater generated (million m3/year),804,Ukraine,ISIC4_D,ALLAREA,G,M_M3_PER_YR,2202.99992,,,,,,,,,,,,,,,,,,,,,,,,,,,,,,,,,,,,,,,,
6,6.3,6.3.1,EN_WWT_GEN,Total wastewater generated (million m3/year),804,Ukraine,ISIC4_F,ALLAREA,G,M_M3_PER_YR,1.277,,,,,,,,,,,,,,,,,,,,,,,,,,,,,,,,,,,,,,,,
6,6.3,6.3.1,EN_WWT_GEN,Total wastewater generated (million m3/year),804,Ukraine,PRIV_HH,ALLAREA,G,M_M3_PER_YR,NaN,,,,,,,,,,,,,,,,,,,,,,,,,,,,,,,,,,,,,,,,
6,6.3,6.3.1,EN_WWT_GEN,Total wastewater generated (million m3/year),804,Ukraine,SERV_HH,ALLAREA,G,M_M3_PER_YR,NaN,,,,,,,,,,,,,,,,,,,,,,,,,,,,,,,,,,,,,,,,
6,6.3,6.3.1,EN_WWT_GEN,Total wastewater generated (million m3/year),804,Ukraine,SERVICES,ALLAREA,G,M_M3_PER_YR,NaN,,,,,,,,,,,,,,,,,,,,,,,,,,,,,,,,,,,,,,,,
6,6.3,6.3.1,EN_WWT_GEN,Total wastewater generated (million m3/year),804,Ukraine,TOTAL,ALLAREA,G,M_M3_PER_YR,5343.0001,,,,,,,,,,,,,,,,,,,,,,,,,,,,,,,,,,,,,,,,
6,6.3,6.3.1,EN_WWT_GEN,Total wastewater generated (million m3/year),804,Ukraine,TOTAL,URBAN,G,M_M3_PER_YR,NaN,,,,,,,,,,,,,,,,,,,,,,,,,,,,,,,,,,,,,,,,
6,6.3,6.3.1,EN_WWT_GEN,Total wastewater generated (million m3/year),834,United Republic of Tanzania,INDUSTRIES,ALLAREA,G,M_M3_PER_YR,NaN,,,,,,,,,,,,,,,,,,,,,,,,,,,,,,,,,,,,,,,,
6,6.3,6.3.1,EN_WWT_GEN,Total wastewater generated (million m3/year),834,United Republic of Tanzania,ISIC4_A,ALLAREA,G,M_M3_PER_YR,NaN,,,,,,,,,,,,,,,,,,,,,,,,,,,,,,,,,,,,,,,,
6,6.3,6.3.1,EN_WWT_GEN,Total wastewater generated (million m3/year),834,United Republic of Tanzania,ISIC4_B,ALLAREA,G,M_M3_PER_YR,NaN,,,,,,,,,,,,,,,,,,,,,,,,,,,,,,,,,,,,,,,,
6,6.3,6.3.1,EN_WWT_GEN,Total wastewater generated (million m3/year),834,United Republic of Tanzania,ISIC4_C,ALLAREA,G,M_M3_PER_YR,NaN,,,,,,,,,,,,,,,,,,,,,,,,,,,,,,,,,,,,,,,,
6,6.3,6.3.1,EN_WWT_GEN,Total wastewater generated (million m3/year),834,United Republic of Tanzania,ISIC4_D,ALLAREA,G,M_M3_PER_YR,NaN,,,,,,,,,,,,,,,,,,,,,,,,,,,,,,,,,,,,,,,,
6,6.3,6.3.1,EN_WWT_GEN,Total wastewater generated (million m3/year),834,United Republic of Tanzania,ISIC4_F,ALLAREA,G,M_M3_PER_YR,NaN,,,,,,,,,,,,,,,,,,,,,,,,,,,,,,,,,,,,,,,,
6,6.3,6.3.1,EN_WWT_GEN,Total wastewater generated (million m3/year),834,United Republic of Tanzania,PRIV_HH,ALLAREA,G,M_M3_PER_YR,NaN,,,,,,,,,,,,,,,,,,,,,,,,,,,,,,,,,,,,,,,,
6,6.3,6.3.1,EN_WWT_GEN,Total wastewater generated (million m3/year),834,United Republic of Tanzania,SERV_HH,ALLAREA,G,M_M3_PER_YR,NaN,,,,,,,,,,,,,,,,,,,,,,,,,,,,,,,,,,,,,,,,
6,6.3,6.3.1,EN_WWT_GEN,Total wastewater generated (million m3/year),834,United Republic of Tanzania,SERVICES,ALLAREA,G,M_M3_PER_YR,NaN,,,,,,,,,,,,,,,,,,,,,,,,,,,,,,,,,,,,,,,,
6,6.3,6.3.1,EN_WWT_GEN,Total wastewater generated (million m3/year),834,United Republic of Tanzania,TOTAL,ALLAREA,G,M_M3_PER_YR,71.34143,,,,,,,,,,,,,,,,,,,,,,,,,,,,,,,,,,,,,,,,
6,6.3,6.3.1,EN_WWT_GEN,Total wastewater generated (million m3/year),834,United Republic of Tanzania,TOTAL,URBAN,G,M_M3_PER_YR,NaN,,,,,,,,,,,,,,,,,,,,,,,,,,,,,,,,,,,,,,,,
6,6.3,6.3.1,EN_WWT_GEN,Total wastewater generated (million m3/year),716,Zimbabwe,INDUSTRIES,ALLAREA,G,M_M3_PER_YR,46.05625,,,,,,,,,,,,,,,,,,,,,,,,,,,,,,,,,,,,,,,,
6,6.3,6.3.1,EN_WWT_GEN,Total wastewater generated (million m3/year),716,Zimbabwe,ISIC4_A,ALLAREA,G,M_M3_PER_YR,NaN,,,,,,,,,,,,,,,,,,,,,,,,,,,,,,,,,,,,,,,,
6,6.3,6.3.1,EN_WWT_GEN,Total wastewater generated (million m3/year),716,Zimbabwe,ISIC4_B,ALLAREA,G,M_M3_PER_YR,NaN,,,,,,,,,,,,,,,,,,,,,,,,,,,,,,,,,,,,,,,,
6,6.3,6.3.1,EN_WWT_GEN,Total wastewater generated (million m3/year),716,Zimbabwe,ISIC4_C,ALLAREA,G,M_M3_PER_YR,46.05625,,,,,,,,,,,,,,,,,,,,,,,,,,,,,,,,,,,,,,,,
6,6.3,6.3.1,EN_WWT_GEN,Total wastewater generated (million m3/year),716,Zimbabwe,ISIC4_D,ALLAREA,G,M_M3_PER_YR,NaN,,,,,,,,,,,,,,,,,,,,,,,,,,,,,,,,,,,,,,,,
6,6.3,6.3.1,EN_WWT_GEN,Total wastewater generated (million m3/year),716,Zimbabwe,ISIC4_F,ALLAREA,G,M_M3_PER_YR,0,,,,,,,,,,,,,,,,,,,,,,,,,,,,,,,,,,,,,,,,
6,6.3,6.3.1,EN_WWT_GEN,Total wastewater generated (million m3/year),716,Zimbabwe,PRIV_HH,ALLAREA,G,M_M3_PER_YR,118.68517,,,,,,,,,,,,,,,,,,,,,,,,,,,,,,,,,,,,,,,,
6,6.3,6.3.1,EN_WWT_GEN,Total wastewater generated (million m3/year),716,Zimbabwe,SERV_HH,ALLAREA,G,M_M3_PER_YR,NaN,,,,,,,,,,,,,,,,,,,,,,,,,,,,,,,,,,,,,,,,
6,6.3,6.3.1,EN_WWT_GEN,Total wastewater generated (million m3/year),716,Zimbabwe,SERVICES,ALLAREA,G,M_M3_PER_YR,NaN,,,,,,,,,,,,,,,,,,,,,,,,,,,,,,,,,,,,,,,,
6,6.3,6.3.1,EN_WWT_GEN,Total wastewater generated (million m3/year),716,Zimbabwe,TOTAL,ALLAREA,G,M_M3_PER_YR,164.74142,,,,,,,,,,,,,,,,,,,,,,,,,,,,,,,,,,,,,,,,
6,6.3,6.3.1,EN_WWT_GEN,Total wastewater generated (million m3/year),716,Zimbabwe,TOTAL,URBAN,G,M_M3_PER_YR,NaN,,,,,,,,,,,,,,,,,,,,,,,,,,,,,,,,,,,,,,,,